	Archaea_code	Archaea_freq	Bacteria_code	Bacteria_freq	Eukaryotes_code	Eukaryotes_freq	Viruses_code	Viruses_freq
M	53.646004385697836	81.97931217693407	58.73011816163175	118.31285437019325	45.53082326494069	60.9097467723471	71.02841657215225	83.46071896366618
W	38.01715521859906	32.87130899016698	27.585851244065005	21.72460977671373	23.185838890659696	17.876583800482692	35.2901441049658	37.22255314356252
C	68.52783909955666	64.87269755686133	69.89109474154533	65.71950974533739	45.68968086942899	42.17044723978221	57.80952947472894	54.707981735444704
D	112.12546939204614	141.10728960135359	70.47773300999339	97.95437266622814	61.74922893328804	74.23262221284529	78.3017142469771	95.85553185661009
E	155.28287293218202	186.08838037049384	92.70434215391421	120.12442869682893	93.57240620999055	108.2048491954563	100.271442379202	120.4464277413051
F	19.83995689601058	77.32471901212404	30.391330268800612	101.70330149259492	24.955829572554176	41.12478015676078	37.975415317321655	42.35673374410242
H	45.719640350233156	39.49058523589839	36.96312730322483	28.752897739218138	25.164533357660922	19.953715266680334	40.06105797926599	35.646309529875495
K	106.59910829767088	74.6008353103874	88.2380233297887	85.40844178708777	81.92491109557339	90.46071174266902	106.5135025365557	84.93363696174566
N	41.00031665620592	33.286621678085154	45.95024623260008	45.56177017549763	44.3661223625361	35.37666765725965	56.40970244950973	41.90621537110704
Q	31.14429341488936	24.66143438097068	24.345505092619	30.62532420219399	31.101772710081928	38.908246747755236	28.206642286176322	35.34275699568687
Y	20.507754625684882	53.89440165229888	28.559613832285713	47.82490711565332	17.430202158770875	19.151478429097473	31.201164935322993	31.896257713463903
I	56.93939048896931	73.04418009854756	44.44459960795733	100.21199620028	22.080397888840256	23.727316827939326	36.02195769910316	40.9726006801646
A	44.27595163167447	46.686131035896516	71.05113101793121	60.94216736066057	31.95129985435547	28.32317170582607	37.838123313069715	50.62291371791201
G	20.591610599640834	61.53896259457279	24.580003202542148	59.23025798788852	13.924444094060625	25.059191278348955	21.076864674852562	43.86446237715239
P	36.94440749831805	42.63394251545276	34.26390080461515	40.926139294913895	20.857287327859424	21.795797507073445	37.11621740473474	31.45369357013696
T	22.017778937330043	19.177700772107237	19.156564236955756	13.805291280504068	16.078680943921302	11.347811763859259	17.5853269607952	17.687971600382177
V	29.31908946602806	44.381554664949086	18.99682489815378	37.808163538145784	8.652516023263692	7.102848556300684	18.354339631553714	21.892856040230086
L	9.720218745198407	19.799350446947752	7.3166347559529195	38.16432793763176	8.321072246660139	10.715195672092513	18.34425244027728	19.555081646270523
R	42.21658144785151	41.017860698782826	42.121778370960385	42.72584690078035	41.55300700516922	38.42986809391517	42.57416499788264	33.29175062808531
S	39.40678897202997	32.34289081258847	42.18636069899481	34.08101620266459	18.564149492179773	13.330852245566732	33.80761660234099	28.85125002336464
Mean	49.692111452790854	59.54000798027098	43.89773914822659	59.580381223550845	33.832710215089776	36.41009514360291	45.28937980033942	47.59838520201343
Median	40.20355281411794	45.5338428504228	39.54245283709261	46.69333864557547	25.060181465107547	26.691181492087512	37.47717035890223	39.097576911863555
