	Archaea			Bacteria			Eukaryotes			Viruses	
	Code	Frequency		Code	Frequency		Code	Frequency		Code	Frequency
M	44.29666682734	74.5645476126699		53.2499875591068	105.426733932251		43.5085225362267	56.8898724127735		61.44218963453	69.6233516990916
W	36.7467054933817	30.8258782692954		22.3060005220198	18.9795542477361		19.8280379275436	15.2589022354633		27.5813330043251	26.5184102688919
C	67.9736565793397	64.2001815042603		69.3881114661645	65.1207333394126		43.3325388629309	39.2907883448221		54.4501902354194	50.8726644156546
D	100.943096827212	126.890949295489		68.6335882256939	93.9893248803273		60.3162707516927	72.1226746769638		73.0864240715049	89.4526678366852
E	151.253157605507	181.770307915267		89.1802808738018	116.546315853408		92.1377019944043	106.195601270232		88.7002183197179	106.727553831785
F	14.7094810954023	58.5034441302366		24.1663028991507	78.1245753404373		20.6683826363954	34.1991230017418		29.0613420693463	31.384049137384
H	45.0810285184415	38.3110114093187		35.9874564172333	26.604874495466		24.3182945622591	19.0143610125979		37.0568364856357	32.1238781926538
K	90.3639207877296	61.8073451658984		66.064731847353	79.3785685953916		73.4531824137514	85.765340886854		88.0851117439837	72.9922496449388
N	32.7179703601089	26.1752477362915		37.3810806087961	37.1509918207155		27.8360507504731	31.9014924142503		44.6575652381299	32.2788705249507
Q	28.4039831995179	21.3357944399802		18.7509144785503	23.0539219825663		24.6712767217475	32.8108181777816		21.165342519166	27.6930132293365
Y	17.1256443441368	44.2054505445147		25.302951249681	37.5585426995215		14.4510819726393	14.5580445613154		24.3109431484798	23.3893359026887
I	45.7250960554666	60.5491937783753		33.7920910202835	76.8042402526127		13.8814400140184	18.1989031931391		27.4445611595058	25.8560237272421
A	35.7405244903173	29.2115289062158		58.2427974164613	45.3178367835621		23.2922687599744	21.8752208662582		28.8119346005843	40.3493735342859
G	17.428882527921	43.7766218052706		19.9393198467169	39.9611556044394		9.84850594748734	15.7844529054927		16.9131922290358	32.6017246569276
P	36.0529151974866	38.21960572088		30.22028640168	36.6834618285533		17.1793820257459	17.9097831389333		32.1585079696536	26.2723027747085
T	17.6443887043021	17.2926933667429		17.5798193590395	12.1186280373174		14.313915865574	8.99752146270614		14.1027820369181	13.2913364096089
V	24.2548367158137	37.8930437407733		14.2078862150195	28.9356058412893		6.12963644042472	4.89915660531114		13.8500001103376	17.0340716246874
L	8.80130493629758	17.2333870857926		5.54535010789029	29.8587663910521		6.72222033424594	8.12339331562607		15.3577988164275	16.0480901560891
R	40.2265228421811	39.5227189018114		38.3270007762116	42.2339256857949		40.8048634330671	37.618702238593		39.5701954215012	30.8869946168109
S	38.806230692626	31.4418797399228		41.6568806352999	33.3564346643431		17.6692419910752	12.1639301626767		30.6154687568197	25.4487555368606
