	M	W	C	D	E	F	H	K	N	Q	Y	I	A	G	P	T	V	L	R	S		Mean	Minimum	Maximum
Code frequency	0.0163934426229508	0.0163934426229508	0.0327868852459016	0.0327868852459016	0.0327868852459016	0.0327868852459016	0.0327868852459016	0.0327868852459016	0.0327868852459016	0.0327868852459016	0.0327868852459016	0.0491803278688524	0.0655737704918032	0.0655737704918032	0.0655737704918032	0.0655737704918032	0.0655737704918032	0.0983606557377049	0.0983606557377049	0.0983606557377049				
																								
Archaea observed weighted mean frequency	0.0244813128933984	0.0128175763705567	0.0150480552529069	0.0612220215087867	0.0778361926568987	0.0372841972297901	0.0189661286840091	0.0537009874615623	0.0343546491709576	0.0237772677974985	0.0343587822247017	0.0688372906269006	0.0808085830085979	0.0736023138009434	0.0420976835997396	0.0521469681539891	0.0791955657094441	0.0929618622320632	0.057695283893743	0.0588072777235115		0.05	0.0128175763705567	0.0929618622320632
Archaea observed weighted std frequency	0.00479408891870094	0.00159799656027964	0.0036750111510929	0.0155653962648787	0.00933495897350792	0.00523371486280424	0.002620783846568	0.0253497002127038	0.0112458936154629	0.00456153023770482	0.00651352109169066	0.020935145842146	0.0196253577419151	0.0076266198589713	0.00501349483772263	0.0100408843485721	0.00970494814264572	0.00854377786153579	0.0118901918843226	0.00666699950061801		0.00952700078769218	0.00159799656027964	0.0253497002127038
Archaea predicted weighted mean frequency	0.0153426490536601	0.0158218237265285	0.0311644727801887	0.0311644727801887	0.0311644727801887	0.0334260474906285	0.0311644727801887	0.0334260474906285	0.0334260474906285	0.0311644727801887	0.0334260474906285	0.0515094459275968	0.0706821880340601	0.0706821880340601	0.0706821880340601	0.0623289455603775	0.0623289455603775	0.095754993051006	0.101846660814249	0.0934934183405662		0.05	0.0153426490536601	0.101846660814249
Archaea code percentage difference	+AC0-0.330369139337643	0.278981466465712	1.17881212521252	+AC0-0.464459283802056	+AC0-0.57877069616668	+AC0-0.12062247059178	0.728707307229504	+AC0-0.389454704732021	+AC0-0.0456346946596496	0.378917271956323	+AC0-0.0457494962574668	+AC0-0.285556891897291	+AC0-0.188529633234303	+AC0-0.109080039669043	0.557657450117015	0.257480018745577	+AC0-0.172001993995688	0.0580753588193461	0.704830084879296	0.672593249430074		0.377314168859949	0.0456346946596496	1.17881212521252
Archaea predicted percentage difference	+AC0-0.373291411270781	0.234384978026967	1.07099670066459	+AC0-0.490959755784675	+AC0-0.599614630207294	+AC0-0.103479490664182	0.643164680542551	+AC0-0.377552460938378	+AC0-0.0270298693987003	0.310683508534455	+AC0-0.0271469089903498	+AC0-0.251721770881731	+AC0-0.125313359021038	+AC0-0.0396743745689953	0.67900421092284	0.195255405382748	+AC0-0.212974299734755	0.0300459860837363	0.765251055906392	0.589827347222824		0.357368610237399	0.0270298693987003	1.07099670066459
																								
Bacteria observed weighted mean frequency	0.0242073318562843	0.0153159436439247	0.0130826399660328	0.0542823398973679	0.0603627467479869	0.0371743867706371	0.0227216871582587	0.0433340651012532	0.0317587203355229	0.0352227051926621	0.0272021719967454	0.0540474228686956	0.105574212138334	0.0775823519420583	0.048808406575307	0.0537149573826218	0.0739152065879395	0.101097970169788	0.0644789345164418	0.0561157991521372		0.05	0.0130826399660328	0.105574212138334
Bacteria observed weighted std frequency	0.00423204914510929	0.00220128678275934	0.00267432538144134	0.00476354178509355	0.00791523392222644	0.00746753895662421	0.00244080377881597	0.0214649629142377	0.0124259114787488	0.00784122845549171	0.00700542966992962	0.0182248704772412	0.027494398746221	0.0113618585650746	0.010346034778379	0.00512301321451548	0.00911762900184319	0.00652602481665409	0.0165973224854452	0.00633521177472826		0.009577933806529	0.00220128678275934	0.027494398746221
Bacteria predicted weighted mean frequency	0.0129347765556191	0.0167351553335176	0.0296699318891368	0.0296699318891368	0.0296699318891368	0.0262490718391299	0.0296699318891368	0.0262490718391299	0.0262490718391299	0.0296699318891368	0.0262490718391299	0.0395633671226407	0.08861809086388	0.08861809086388	0.08861809086388	0.0593398637782736	0.0593398637782736	0.0855889356174036	0.118288022753017	0.0890097956674105		0.05	0.0129347765556191	0.118288022753017
Bacteria code percentage difference	+AC0-0.322790189341126	0.0703514588507594	1.50613678363298	+AC0-0.395993516346347	+AC0-0.456835763574741	+AC0-0.1180248527516	0.442977584258506	+AC0-0.243392348045523	0.0323742549925301	+AC0-0.0691548231016615	0.205303945943153	+AC0-0.0900523048373185	+AC0-0.378884585888437	+AC0-0.15478496268357	0.343493367082754	0.220773015320646	+AC0-0.11285142098889	+AC0-0.0270758594607384	0.52546962004503	0.752815735030991		0.323476819608865	0.0270758594607384	1.50613678363298
Bacteria predicted percentage difference	+AC0-0.465666987489113	0.0926623734448044	1.26788568409515	+AC0-0.453414647466672	+AC0-0.508472800069751	+AC0-0.293893615486261	0.305797922596282	+AC0-0.394262417389251	+AC0-0.173484587482901	+AC0-0.157647553563891	+AC0-0.0350376491160173	+AC0-0.26798790723552	+AC0-0.160608551378401	0.142245480390484	0.815631713507185	0.104717692608123	+AC0-0.197190043598473	+AC0-0.153405993476802	0.834521982103379	0.586180665913592		0.370535813420603	0.0350376491160173	1.26788568409515
																								
Eukaryota observed weighted mean frequency	0.0250323336238739	0.015316964816962	0.0232365878411924	0.0509012779816473	0.0622423261684718	0.0405983786362081	0.026472716193152	0.0578108284757606	0.0415855807796888	0.041005898904563	0.0302460052597162	0.050678113953175	0.0708001406335709	0.0630924449909539	0.0537998498202878	0.0542531389336744	0.0622966317087214	0.0922945892269991	0.0575813898230152	0.0807548022283653		0.05	0.015316964816962	0.0922945892269991
Eukaryota observed weighted std frequency	0.00262744497548831	0.00224383762751506	0.00471914796751999	0.00437495015225601	0.00486576907944561	0.00704653788734497	0.00231381510757612	0.009850498266005	0.00988594272776945	0.00652815692681544	0.00414702082649488	0.00922478314056512	0.0161799894196608	0.00851423678725443	0.00741690636610519	0.00522482524290363	0.00464275687469974	0.00683329178615831	0.00753269635992835	0.00693771886180459		0.00655551631916555	0.00224383762751506	0.0161799894196608
Eukaryota predicted weighted mean frequency	0.016432108499726	0.0158149959092166	0.0322471044089427	0.0322471044089427	0.0322471044089427	0.034836277020278	0.0322471044089427	0.034836277020278	0.034836277020278	0.0322471044089427	0.034836277020278	0.05324044554083	0.0641561247036739	0.0641561247036739	0.0641561247036739	0.0644942088178855	0.0644942088178855	0.0993304858381635	0.0964032291126167	0.0967413132268282		0.05	0.0158149959092166	0.0993304858381635
Eukaryota code percentage difference	+AC0-0.345109294671753	0.0702800991484134	0.411002573612769	+AC0-0.355873043939623	+AC0-0.473238112001838	+AC0-0.192408998898783	0.238516101131432	+AC0-0.432859100788553	+AC0-0.211580441316926	+AC0-0.200434910055022	0.0840071263747861	+AC0-0.0295548900203048	+AC0-0.073818640683455	0.0393284093080404	0.21884672003444	0.208663162733654	0.0526053928309416	0.0657250502062072	0.708202181990235	0.218016180134431		0.23150352149408	0.0295548900203048	0.708202181990235
Eukaryota predicted percentage difference	+AC0-0.343564657349632	0.0325149987746378	0.387772793033626	+AC0-0.366477509256849	+AC0-0.48191035917168	+AC0-0.141929353079907	0.218126019772931	+AC0-0.397409137028984	+AC0-0.162299134288088	+AC0-0.213598402415357	0.151764562663601	0.0505609105741882	+AC0-0.0938418465054092	0.0168590662934758	0.192496353019201	0.188764559719412	0.0352760181230858	0.0762330345699851	0.67420809759761	0.197963595443586		0.221178520434062	0.0168590662934758	0.67420809759761
																								
Viruses observed weighted mean frequency	0.0273926795430181	0.0156318350811718	0.0220734237419347	0.0560788639143517	0.062147293381986	0.0438729957279696	0.0237130923692864	0.0654263033611298	0.0525127405176922	0.033949840711378	0.0406729345393826	0.0677918529174903	0.061777466117904	0.0541483219459969	0.0420012084579818	0.0573614134478236	0.0641668391504977	0.0878450453074147	0.0533148464577835	0.0681210033078056		0.05	0.0156318350811718	0.0878450453074147
Viruses observed weighted std frequency	0.00433905031962389	0.00418460571896575	0.00558112148980633	0.00852636835906755	0.0129098262549763	0.00900089462838942	0.00423582918220394	0.0190490654133625	0.0183409295617147	0.00682226783457154	0.009909195116359	0.022075063478915	0.0225005734395013	0.012785121540155	0.0132246473687837	0.00697237000318163	0.00988512778436941	0.0101399211235374	0.0157720153378209	0.0132106464688183		0.0114732320212062	0.00418460571896575	0.0225005734395013
Viruses predicted weighted mean frequency	0.0176220328719348	0.0133636923630361	0.030985725234971	0.030985725234971	0.030985725234971	0.0453197732690386	0.030985725234971	0.0453197732690386	0.0453197732690386	0.030985725234971	0.0453197732690386	0.0730175136661423	0.0511530040572821	0.0511530040572821	0.0511530040572821	0.061971450469942	0.061971450469942	0.107291223738981	0.0821387292922531	0.092957175704913		0.05	0.0133636923630361	0.107291223738981
Viruses code percentage difference	+AC0-0.401539283617503	0.0487215696573147	0.485355676093585	+AC0-0.415343269150808	+AC0-0.472432611917977	+AC0-0.252686425855358	0.382649075679716	+AC0-0.498873028712478	+AC0-0.375639417736058	+AC0-0.0342551081568594	+AC0-0.193889361138797	+AC0-0.274539258740871	0.0614512800938427	0.211002818465938	0.561235328678782	0.143168666013603	0.0219261437828604	0.119706357865612	0.844901791391075	0.443910849246613		0.312161366099783	0.0219261437828604	0.844901791391075
Viruses predicted percentage difference	+AC0-0.356688240584104	+AC0-0.145097661685776	0.403757097097033	+AC0-0.447461609024482	+AC0-0.501414727033753	0.0329764931038565	0.306692722839648	+AC0-0.30731569810861	+AC0-0.136975659197034	+AC0-0.0873086710952855	0.114248917179963	0.0770839049791445	+AC0-0.171979570031973	+AC0-0.0553169106828844	0.217893625809739	0.0803682605609388	+AC0-0.0342137575984793	0.22136909786447	0.540635202940954	0.36458905757575		0.230169344249694	0.0329764931038565	0.540635202940954
																								
Mean weighted frequency	0.0252784144791437	0.0147705799781538	0.0183601767005167	0.0556211258255384	0.0656471397388359	0.0397324895911512	0.0229684061011766	0.0550680460999265	0.0400529227009654	0.0334889281515254	0.0331199735051365	0.0603386700915654	0.0797401004746016	0.0671063581699881	0.046676787113329	0.0543691194795272	0.0698935607891507	0.0935498667340663	0.0582676136727459	0.0659497206029549				
Std weighted frequency	0.000945740074271419	0.00112448366218915	0.00126156687303322	0.00518811300531897	0.00333817562264511	0.00154962018395919	0.000897560327228042	0.00658508688313693	0.00372499581871319	0.00137185744608149	0.00236604288259248	0.00582189017392492	0.00478681493328233	0.00241048223833655	0.00356173476386186	0.00229637506007531	0.00248494092149305	0.00167414705545073	0.00415279378820304	0.00329123742556806				
Minimum weighted frequency	0.0242073318562843	0.0128175763705567	0.0130826399660328	0.0509012779816473	0.0603627467479869	0.0371743867706371	0.0189661286840091	0.0433340651012532	0.0317587203355229	0.0237772677974985	0.0272021719967454	0.050678113953175	0.061777466117904	0.0541483219459969	0.0420012084579818	0.0521469681539891	0.0622966317087214	0.0878450453074147	0.0533148464577835	0.0561157991521372				
Maximum weighted frequency	0.0273926795430181	0.0156318350811718	0.0232365878411924	0.0612220215087867	0.0778361926568987	0.0438729957279696	0.026472716193152	0.0654263033611298	0.0525127405176922	0.041005898904563	0.0406729345393826	0.0688372906269006	0.105574212138334	0.0775823519420583	0.0537998498202878	0.0573614134478236	0.0791955657094441	0.101097970169788	0.0644789345164418	0.0807548022283653				
																								
Mean code percentage difference	0.349951976742006	0.11708364853055	0.895326789637964	0.407917278309709	0.495319295915309	0.17093568702438	0.448212517074789	0.391144795569644	0.166307202176291	0.170690528317467	0.132237482428551	0.169925836373946	0.175671034975009	0.128549057531648	0.420308216478248	0.20752121570337	0.0898462378995949	0.0676456565879759	0.695850919576409	0.521834003460527				
Mean predicted percentage difference	0.384802824173408	0.126165002983046	0.7826030687226	0.439578380383169	0.522853129120619	0.143069738083552	0.368445336437853	0.369134928366306	0.124947312591681	0.192309533902247	0.0820495094874827	0.161838623417646	0.137935831734206	0.0635239579839597	0.476256475814741	0.142276479567805	0.119913529763698	0.120263527998748	0.703654084637084	0.434640166538938				
