	GC_ave	M	W	C	D	E	F	H	K	N	Q	Y	I	A	G	P	T	V	L	R	S	M_expected	W_expected	C_expected	D_expected	E_expected	F_expected	H_expected	K_expected	N_expected	Q_expected	Y_expected	I_expected	A_expected	G_expected	P_expected	T_expected	V_expected	L_expected	R_expected	S_expected	M_residual	W_residual	C_residual	D_residual	E_residual	F_residual	H_residual	K_residual	N_residual	Q_residual	Y_residual	I_residual	A_residual	G_residual	P_residual	T_residual	V_residual	L_residual	R_residual	S_residual	Pearson	p-value: Pearson	Spearman	p-value: Spearman
42	0.6849186307519641	2.321928094887362	1.0	1.0	4.459431618637297	4.523561956057013	3.0	2.807354922057604	1.584962500721156	2.584962500721156	2.321928094887362	3.0	3.169925001442312	5.044394119358453	4.247927513443585	3.321928094887362	4.321928094887363	4.459431618637297	4.584962500721156	3.700439718141092	3.9068905956085187	1.5502357603125358	2.6704439141055447	2.6704439141055447	2.6704439141055447	2.6704439141055447	1.5502357603125358	2.6704439141055447	1.5502357603125358	1.5502357603125358	2.6704439141055447	1.5502357603125358	1.5502357603125358	4.790652067898553	4.790652067898553	4.790652067898553	4.670443914105545	3.6704439141055447	1.5502357603125358	5.089326480099563	4.255406414826701	0.7716923345748263	-1.6704439141055447	-1.6704439141055447	1.7889877045317526	1.8531180419514683	1.4497642396874642	0.13691100795205946	0.03472674040862023	1.0347267404086202	-0.34851581921818253	1.4497642396874642	1.6196892411297763	0.25374205145990025	-0.5427245544549679	-1.468723973011191	-0.3485158192181821	0.7889877045317526	3.0347267404086202	-1.3888867619584704	-0.3485158192181821	0.46382178057116835	0.0394047949296366	0.41181804671748035	0.07120713754684124
41	0.676279954667782	2.321928094887362	1.0	1.0	4.523561956057013	4.392317422778761	2.807354922057604	2.321928094887362	2.807354922057604	2.584962500721156	2.584962500721156	2.584962500721156	3.4594316186372973	4.807354922057604	4.459431618637297	3.584962500721156	3.9068905956085187	4.584962500721156	4.247927513443585	4.087462841250339	3.584962500721156	1.5911272663818181	2.6540011558480066	2.6540011558480066	2.6540011558480066	2.6540011558480066	1.5911272663818181	2.6540011558480066	1.5911272663818181	1.5911272663818181	2.6540011558480066	1.5911272663818181	1.5911272663818181	4.716875045314195	4.716875045314195	4.716875045314195	4.6540011558480066	3.6540011558480066	1.5911272663818181	5.02644566105816	4.238963656569163	0.7308008285055441	-1.6540011558480066	-1.6540011558480066	1.8695608002090065	1.7383162669307541	1.216227655675786	-0.3320730609606444	1.216227655675786	0.993835234339338	-0.06903865512685048	0.993835234339338	1.8683043522554792	0.09047987674340874	-0.2574434266768977	-1.131912544593039	-0.7471105602394879	0.9309613448731495	2.656800247061767	-0.938982819807821	-0.6540011558480066	0.4781013473305466	0.03298977888927472	0.4895286425508948	0.028469826066665177
64	0.6731846177334826	2.321928094887362	1.584962500721156	1.0	4.754887502163468	4.321928094887363	3.0	2.807354922057604	2.584962500721156	2.807354922057604	3.169925001442312	2.807354922057604	3.321928094887362	5.087462841250339	4.584962500721156	3.700439718141092	4.247927513443585	4.700439718141092	4.459431618637297	4.169925001442312	3.8579809951275723	1.8037627237047642	2.8462890465555755	2.8462890465555755	2.8462890465555755	2.8462890465555755	1.8037627237047642	2.8462890465555755	1.8037627237047642	1.8037627237047642	2.8462890465555755	1.8037627237047642	1.8037627237047642	4.8888153694063865	4.8888153694063865	4.8888153694063865	4.846289046555576	3.8462890465555755	1.8037627237047642	5.202337892700098	4.431251547276732	0.518165371182598	-1.2613265458344194	-1.8462890465555755	1.9085984556078928	1.4756390483317872	1.1962372762952358	-0.03893412449797129	0.7811997770163919	1.00359219835284	0.3236359548867367	1.00359219835284	1.518165371182598	0.1986474718439526	-0.3038528686852304	-1.1883756512652943	-0.5983615331119907	0.8541506715855163	2.655668894932533	-1.0324128912577857	-0.5732705521491597	0.5242286479451909	0.01765720614626351	0.5204379869332864	0.01864658912873042
12	0.650448323605876	2.807354922057604	1.584962500721156	1.584962500721156	4.807354922057604	4.807354922057604	3.4594316186372973	2.807354922057604	3.0	3.169925001442312	3.169925001442312	3.169925001442312	3.9068905956085187	5.087462841250339	4.754887502163468	3.807354922057604	4.321928094887363	4.906890595608519	4.807354922057604	4.247927513443585	4.392317422778761	2.2432797233614523	3.1392084126318385	3.1392084126318385	3.1392084126318385	3.1392084126318385	2.2432797233614523	3.1392084126318385	2.2432797233614523	2.2432797233614523	3.1392084126318385	2.2432797233614523	2.2432797233614523	5.035137101902225	5.035137101902225	5.035137101902225	5.139208412631839	4.139208412631839	2.2432797233614523	5.378488721324886	4.724170913352995	0.5640751986961519	-1.5542459119106824	-1.5542459119106824	1.6681465094257653	1.6681465094257653	1.216151895275845	-0.3318534905742343	0.7567202766385477	0.9266452780808598	0.030716588810473677	0.9266452780808598	1.6636108722470664	0.05232573934811402	-0.28024959973875685	-1.227782179844621	-0.8172803177444763	0.7676821829766798	2.5640751986961514	-1.1305612078813008	-0.3318534905742343	0.4519387710485053	0.045446379767981035	0.40687884264221247	0.07500918728786468
4	0.6461885103750348	2.584962500721156	1.0	1.584962500721156	4.643856189774724	4.584962500721156	3.0	2.584962500721156	2.807354922057604	2.807354922057604	2.9068905956085187	2.807354922057604	3.584962500721156	4.906890595608519	4.523561956057013	3.700439718141092	4.087462841250339	4.643856189774724	4.392317422778761	4.087462841250339	3.700439718141092	1.9879475445618557	2.8569217447307564	2.8569217447307564	2.8569217447307564	2.8569217447307564	1.9879475445618557	2.8569217447307564	1.9879475445618557	1.9879475445618557	2.8569217447307564	1.9879475445618557	1.9879475445618557	4.725895944899657	4.725895944899657	4.725895944899657	4.856921744730756	3.8569217447307564	1.9879475445618557	5.074998493850129	4.441884245451912	0.5970149561593003	-1.8569217447307564	-1.2719592440096004	1.786934445043968	1.7280407559903996	1.0120524554381443	-0.27195924400960036	0.8194073774957484	0.8194073774957484	0.04996885087776226	0.8194073774957484	1.5970149561593003	0.180994650708862	-0.20233398884264364	-1.0254562267585645	-0.7694589034804169	0.7869344450439679	2.404369878216905	-0.9875356525997896	-0.7414445273108199	0.4742634483129308	0.03462742135931795	0.48131113536179104	0.03166717679962567
65	0.6461393109011379	2.321928094887362	0.5849625007211562	1.3219280948873624	4.584962500721156	4.129283016944966	2.807354922057604	2.321928094887362	2.807354922057604	2.169925001442312	2.321928094887362	2.700439718141092	3.523561956057013	4.285402218862249	4.0	3.2479275134435857	3.807354922057604	4.523561956057013	4.044394119358453	4.044394119358453	3.700439718141092	1.6819869088591077	2.550650660093627	2.550650660093627	2.550650660093627	2.550650660093627	1.6819869088591077	2.550650660093627	1.6819869088591077	1.6819869088591077	2.550650660093627	1.6819869088591077	1.6819869088591077	4.419314411328147	4.419314411328147	4.419314411328147	4.550650660093627	3.550650660093627	1.6819869088591077	4.768483689986472	4.135613160814783	0.6399411860282544	-1.9656881593724709	-1.2287225652062645	2.034311840627529	1.5786323568513394	1.1253680131984964	-0.22872256520626477	1.1253680131984964	0.4879380925832044	-0.22872256520626477	1.0184528092819845	1.8415750471979053	-0.13391219246589792	-0.4193144113281466	-1.171386897884561	-0.7432957380360228	0.9729112959633861	2.3624072104993457	-0.7240895706280188	-0.43517344267369085	0.4428129057939831	0.05055127155085914	0.4238593962601121	0.06254383231857426
14	0.6356304508477555	2.584962500721156	1.584962500721156	1.584962500721156	4.807354922057604	4.643856189774724	3.0	2.807354922057604	3.0	2.807354922057604	3.0	3.0	3.700439718141092	4.906890595608519	4.584962500721156	3.584962500721156	4.169925001442312	4.700439718141092	4.523561956057013	4.087462841250339	3.9068905956085187	2.1584109652512087	2.9611968098683943	2.9611968098683943	2.9611968098683943	2.9611968098683943	2.1584109652512087	2.9611968098683943	2.1584109652512087	2.1584109652512087	2.9611968098683943	2.1584109652512087	2.1584109652512087	4.763982654485579	4.763982654485579	4.763982654485579	4.961196809868394	3.9611968098683943	2.1584109652512087	5.127569335680035	4.54615931058955	0.4265515354699474	-1.3762343091472382	-1.3762343091472382	1.8461581121892094	1.68265937990633	0.8415890347487913	-0.1538418878107901	0.8415890347487913	0.6489439568063955	0.038803190131605714	0.8415890347487913	1.5420287528898835	0.1429079411229397	-0.17902015376442293	-1.179020153764423	-0.7912718084260817	0.7392429082726975	2.3651509908058044	-1.040106494429696	-0.6392687149810312	0.46954324078842924	0.03672769213737182	0.4616619810591479	0.04045378476987793
15	0.6330329032071496	2.169925001442312	0.0	0.5849625007211562	4.169925001442312	3.9068905956085187	2.0	2.0	1.0	1.584962500721156	2.169925001442312	1.8073549220576042	3.169925001442312	3.523561956057013	3.700439718141092	3.0	3.0	4.044394119358453	4.0	3.2479275134435857	2.807354922057604	1.231566548344957	2.018196323889827	2.018196323889827	2.018196323889827	2.018196323889827	1.231566548344957	2.018196323889827	1.231566548344957	1.231566548344957	2.018196323889827	1.231566548344957	1.231566548344957	3.804826099434697	3.804826099434697	3.804826099434697	4.0181963238898275	3.018196323889827	1.231566548344957	4.172027565004032	3.603158824610983	0.9383584530973552	-2.018196323889827	-1.433233823168671	2.151728677552485	1.8886942717186916	0.7684334516550431	-0.01819632388982706	-0.23156654834495694	0.35339595237619914	0.1517286775524851	0.5757883737126472	1.9383584530973552	-0.28126414337768413	-0.104386381293605	-0.8048260994346972	-1.0181963238898275	1.0261977954686263	2.768433451655043	-0.9241000515604463	-0.795803902553379	0.4008774675761115	0.07983016886778208	0.3772925159390905	0.10102077657171434
25	0.6212723202071622	2.584962500721156	1.584962500721156	1.8073549220576042	3.8579809951275723	4.285402218862249	2.9068905956085187	2.584962500721156	3.807354922057604	2.807354922057604	3.0	3.700439718141092	3.7548875021634687	5.108524456778169	4.807354922057604	3.8579809951275723	3.523561956057013	4.754887502163468	4.78135971352466	4.392317422778761	3.8579809951275723	2.296497625730964	3.010562538203708	3.010562538203708	3.010562538203708	3.010562538203708	2.296497625730964	3.010562538203708	2.296497625730964	2.296497625730964	3.010562538203708	2.296497625730964	2.296497625730964	4.724627450676452	4.724627450676452	4.724627450676452	5.010562538203708	4.010562538203708	2.296497625730964	5.108456203149296	4.5955250389248645	0.28846487499019213	-1.425600037482552	-1.2032076161461038	0.8474184569238643	1.2748396806585407	0.6103929698775548	-0.42560003748255193	1.5108572963266402	0.5108572963266402	-0.010562538203708005	1.4039420924101282	1.4583898764325047	0.3838970061017175	0.0827274713811521	-0.8666464555488793	-1.4870005821466945	0.7443249639597607	2.484862087793696	-0.7161387803705352	-0.7375440437972922	0.4379130189109106	0.05346722889593003	0.42174508601400595	0.06400423591176149
47	0.6186590242434162	3.700439718141092	2.584962500721156	2.0	4.954196310386875	5.357552004618084	4.087462841250339	3.169925001442312	4.247927513443585	3.0	3.4594316186372973	3.807354922057604	4.700439718141092	5.044394119358453	5.169925001442312	4.392317422778761	3.807354922057604	4.700439718141092	6.022367813028454	5.247927513443585	5.087462841250339	3.0192068291562646	3.7172697524816036	3.7172697524816036	3.7172697524816036	3.7172697524816036	3.0192068291562646	3.7172697524816036	3.0192068291562646	3.0192068291562646	3.7172697524816036	3.0192068291562646	3.0192068291562646	5.415332675806942	5.415332675806942	5.415332675806942	5.717269752481603	4.717269752481603	3.0192068291562646	5.80291539713465	5.30223225320276	0.6812328889848276	-1.1323072517604476	-1.7172697524816036	1.2369265579052713	1.6402822521364802	1.0682560120940745	-0.5473447510392915	1.2287206842873206	-0.019206829156264593	-0.2578381338443063	0.7881480929013396	1.6812328889848271	-0.37093855644848883	-0.24540767436463007	-1.0230152530281815	-1.909914830423999	-0.016830034340511446	3.0031609838721898	-0.5549878836910649	-0.21476941195242105	0.3060582019548397	0.18939835570897223	0.2935995114742116	0.2089760657858739
30	0.6142378073082135	3.0	2.321928094887362	3.0874628412503395	4.321928094887363	4.930737337562887	3.2479275134435857	2.9068905956085187	3.9068905956085187	3.321928094887362	3.3923174227787602	3.8579809951275723	3.9068905956085187	5.129283016944966	5.442943495848728	4.832890014164741	3.8579809951275723	5.357552004618084	5.658211482751795	5.321928094887363	4.977279923499917	2.9606511356313376	3.6317366944110905	3.6317366944110905	3.6317366944110905	3.6317366944110905	2.9606511356313376	3.6317366944110905	2.9606511356313376	2.9606511356313376	3.6317366944110905	2.9606511356313376	2.9606511356313376	5.302822253190843	5.302822253190843	5.302822253190843	5.6317366944110905	4.6317366944110905	2.9606511356313376	5.696806163005317	5.216699195132247	0.03934886436866236	-1.3098085995237283	-0.5442738531607509	0.6901914004762721	1.2990006431517962	0.287276377812248	-0.7248460988025718	0.9462394599771811	0.36127695925602454	-0.23941927163233023	0.8973298594962347	0.9462394599771811	-0.17353923624587697	0.14012124265788461	-0.46993223902610204	-1.7737556992835182	0.7258153102069933	2.697560347120457	-0.37487806811795465	-0.2394192716323298	0.5396471139788342	0.014056563871990474	0.41150782592263174	0.07144160160304991
34	0.6073690923000867	2.584962500721156	1.584962500721156	2.0	4.087462841250339	4.807354922057604	3.0	2.584962500721156	3.584962500721156	2.584962500721156	2.0	2.807354922057604	3.807354922057604	4.523561956057013	4.459431618637297	3.807354922057604	3.584962500721156	4.807354922057604	4.584962500721156	4.459431618637297	3.321928094887362	2.2682755858357146	2.897675335103452	2.897675335103452	2.897675335103452	2.897675335103452	2.2682755858357146	2.897675335103452	2.2682755858357146	2.2682755858357146	2.897675335103452	2.2682755858357146	2.2682755858357146	4.527075084371189	4.527075084371189	4.527075084371189	4.897675335103452	3.897675335103452	2.2682755858357146	4.93113093057384	4.482637835824608	0.31668691488544143	-1.312712834382296	-0.8976753351034521	1.189787506146887	1.9096795869541516	0.7317244141642854	-0.312712834382296	1.3166869148854414	0.31668691488544143	-0.8976753351034521	0.5390793362218895	1.5390793362218895	-0.0035131283141760505	-0.0676434657338918	-0.7197201623135849	-1.312712834382296	0.9096795869541516	2.3166869148854414	-0.47169931193654246	-1.160709740937246	0.41807146637330816	0.066602641123571	0.3268673877130437	0.15952759221814605
54	0.5922797473286641	2.321928094887362	0.0	0.5849625007211562	4.491853096329675	4.392317422778761	2.807354922057604	2.0	1.3219280948873624	3.0	2.807354922057604	1.584962500721156	4.044394119358453	4.614709844115208	4.491853096329675	3.169925001442312	4.20945336562895	4.614709844115208	4.247927513443585	3.321928094887362	4.087462841250339	2.2186579753584454	2.757357108655162	2.757357108655162	2.757357108655162	2.757357108655162	2.2186579753584454	2.757357108655162	2.2186579753584454	2.2186579753584454	2.757357108655162	2.2186579753584454	2.2186579753584454	4.296056241951879	4.296056241951879	4.296056241951879	4.757357108655162	3.757357108655162	2.2186579753584454	4.722799406974467	4.342319609376319	0.10327011952891674	-2.757357108655162	-2.172394607934006	1.7344959876745127	1.6349603141235987	0.5886969466991587	-0.757357108655162	-0.896729880471083	0.7813420246415546	0.04999781340244214	-0.6336954746372894	1.825736144000008	0.3186536021633293	0.1957968543777957	-1.126131240509567	-0.5479037430262119	0.8573527354600463	2.0292695380851398	-1.4008713120871046	-0.2548567681259799	0.44446143565402285	0.04959808909884615	0.44290860566762796	0.05049555755778353
9	0.5889600944072009	3.169925001442312	1.0	2.0	4.0	4.087462841250339	3.169925001442312	2.321928094887362	3.9068905956085187	2.807354922057604	2.807354922057604	2.584962500721156	4.087462841250339	4.700439718141092	4.754887502163468	3.584962500721156	3.700439718141092	4.392317422778761	4.321928094887363	4.247927513443585	4.087462841250339	2.3947026702828946	2.913594092379171	2.913594092379171	2.913594092379171	2.913594092379171	2.3947026702828946	2.913594092379171	2.3947026702828946	2.3947026702828946	2.913594092379171	2.3947026702828946	2.3947026702828946	4.432485514475449	4.432485514475449	4.432485514475449	4.913594092379172	3.913594092379171	2.3947026702828946	4.864326616162248	4.498556593100328	0.7752223311594175	-1.9135940923791712	-0.9135940923791712	1.0864059076208288	1.1738687488711679	0.7752223311594175	-0.591665997491809	1.512187925325624	0.41265225177470954	-0.10623917032156704	0.19025983043826145	1.6927601709674445	0.26795420366564304	0.32240198768801953	-0.8475230137542926	-1.2131543742380795	0.4787233303995895	1.927225424604468	-0.6163991027186624	-0.41109375184998864	0.44036129390596596	0.0519946328777288	0.36090610954620245	0.11797615851086973
45	0.5887445887445888	3.584962500721156	3.0	2.0	4.807354922057604	4.392317422778761	3.700439718141092	3.700439718141092	3.807354922057604	4.087462841250339	3.321928094887362	4.0	4.459431618637297	3.9068905956085187	4.0	4.247927513443585	4.087462841250339	4.584962500721156	4.807354922057604	3.9068905956085187	3.9068905956085187	2.6983079791999596	3.2159152121193513	3.2159152121193513	3.2159152121193513	3.2159152121193513	2.6983079791999596	3.2159152121193513	2.6983079791999596	2.6983079791999596	3.2159152121193513	2.6983079791999596	2.6983079791999596	4.733522445038743	4.733522445038743	4.733522445038743	5.215915212119351	4.215915212119351	2.6983079791999596	5.165695856631617	4.800877712840508	0.8866545215211965	-0.21591521211935127	-1.2159152121193513	1.5914397099382525	1.1764022106594094	1.0021317389411326	0.4845245060217409	1.1090469428576446	1.3891548620503795	0.10601288276801091	1.3016920208000404	1.7611236394373377	-0.8266318494302247	-0.7335224450387434	-0.4855949315951582	-1.1284523708690122	0.3690472886018048	2.109046942857644	-1.258805261023098	-0.8939871172319895	0.09153823762434458	0.7011120456365825	0.03678312741789297	0.8776424189673138
44	0.582010582010582	2.807354922057604	0.0	1.0	4.523561956057013	4.087462841250339	1.584962500721156	2.321928094887362	3.321928094887362	2.584962500721156	2.321928094887362	2.321928094887362	4.247927513443585	3.4594316186372973	3.807354922057604	3.0	3.584962500721156	4.584962500721156	4.169925001442312	2.807354922057604	3.4594316186372973	2.037665499589698	2.5152444649372545	2.5152444649372545	2.5152444649372545	2.5152444649372545	2.037665499589698	2.5152444649372545	2.037665499589698	2.037665499589698	2.5152444649372545	2.037665499589698	2.037665499589698	3.9928234302848113	3.9928234302848113	3.9928234302848113	4.515244464937255	3.5152444649372545	2.037665499589698	4.435465390958257	4.100206965658411	0.7696894224679061	-2.5152444649372545	-1.5152444649372545	2.0083174911197585	1.5722183763130846	-0.45270299886854204	-0.19331637004989233	1.284262595297664	0.547297001131458	-0.19331637004989233	0.28426259529766407	2.210262013853887	-0.533391811647514	-0.18546850822720717	-0.9928234302848113	-0.9302819642160989	1.0697180357839016	2.132259501852614	-1.6281104689006525	-0.6407753470211137	0.23522401310444166	0.318124857725401	0.19316101637684077	0.4145303805831636
0	0.5814422596063953	3.0	1.0	2.0	4.0	4.087462841250339	2.807354922057604	2.321928094887362	4.087462841250339	3.169925001442312	3.0	3.0	4.169925001442312	4.584962500721156	4.459431618637297	3.4594316186372973	3.9068905956085187	4.459431618637297	4.321928094887363	3.9068905956085187	3.700439718141092	2.3998864614615427	2.8740957352690306	2.8740957352690306	2.8740957352690306	2.8740957352690306	2.3998864614615427	2.8740957352690306	2.3998864614615427	2.3998864614615427	2.8740957352690306	2.3998864614615427	2.3998864614615427	4.348305009076518	4.348305009076518	4.348305009076518	4.87409573526903	3.8740957352690306	2.3998864614615427	4.791838054907396	4.459058235990186	0.6001135385384573	-1.8740957352690306	-0.8740957352690306	1.1259042647309694	1.2133671059813085	0.40746846059606145	-0.5521676403816684	1.6875763797887964	0.7700385399807694	0.12590426473096938	0.6001135385384573	1.7700385399807694	0.236657491644638	0.11112660956077924	-0.8888733904392208	-0.9672051396605115	0.5853358833682667	1.92204163342582	-0.8849474592988775	-0.7586185178490941	0.36361921160064764	0.11503689860717234	0.22413579784575607	0.3421191160848549
6	0.5807474481055936	3.0	1.0	1.584962500721156	3.9541963103868754	4.0	3.0	2.584962500721156	3.4594316186372973	2.807354922057604	3.0	2.807354922057604	4.169925001442312	4.700439718141092	4.459431618637297	3.584962500721156	3.9068905956085187	4.392317422778761	4.523561956057013	4.0	3.9068905956085187	2.3956647863037293	2.8657561307547192	2.8657561307547192	2.8657561307547192	2.8657561307547192	2.3956647863037293	2.8657561307547192	2.3956647863037293	2.3956647863037293	2.8657561307547192	2.3956647863037293	2.3956647863037293	4.335847475205709	4.335847475205709	4.335847475205709	4.865756130754719	3.8657561307547192	2.3956647863037293	4.78047155095652	4.450718631475875	0.6043352136962707	-1.8657561307547192	-1.2807936300335632	1.0884401796321561	1.1342438692452808	0.6043352136962707	-0.28079363003356317	1.063766832333568	0.4116901357538749	0.13424386924528076	0.4116901357538749	1.774260215138583	0.36459224293538295	0.12358414343158852	-0.7508849744845527	-0.9588655351462005	0.5265612920240414	2.127897169753284	-0.7804715509565199	-0.5438280358673566	0.4304013222532546	0.05818428922978724	0.3234909333655153	0.1641377469962326
29	0.5739628756195083	2.807354922057604	2.0	1.0	3.584962500721156	4.321928094887363	2.807354922057604	2.321928094887362	3.700439718141092	2.321928094887362	2.321928094887362	3.169925001442312	3.807354922057604	4.672425341971495	4.584962500721156	3.807354922057604	3.4594316186372973	4.643856189774724	4.727920454563199	4.523561956057013	4.0	2.492298422012134	2.9222766965550586	2.9222766965550586	2.9222766965550586	2.9222766965550586	2.492298422012134	2.9222766965550586	2.492298422012134	2.492298422012134	2.9222766965550586	2.492298422012134	2.492298422012134	4.352254971097983	4.352254971097983	4.352254971097983	4.922276696555059	3.9222766965550586	2.492298422012134	4.8076271537661865	4.507239197276215	0.31505650004547014	-0.9222766965550586	-1.9222766965550586	0.6626858041660975	1.399651398332304	0.31505650004547014	-0.6003486016676964	1.2081412961289582	-0.17037032712477185	-0.6003486016676964	0.6776265794301781	1.3150565000454701	0.3201703708735124	0.23270752962317331	-0.5449000490403786	-1.4628450779177617	0.7215794932196657	2.2356220325510647	-0.2840651977091735	-0.5072391972762151	0.46883919328829654	0.03704926651005945	0.33001598749403566	0.1553098792055108
62	0.5731256861736235	2.807354922057604	1.0	2.0	3.9068905956085187	4.129283016944966	3.169925001442312	2.584962500721156	3.9068905956085187	3.0	2.807354922057604	2.9068905956085187	4.247927513443585	4.700439718141092	4.523561956057013	3.584962500721156	4.0	4.426264754702098	4.392317422778761	4.087462841250339	3.9068905956085187	2.5008685605135828	2.925908762123156	2.925908762123156	2.925908762123156	2.925908762123156	2.5008685605135828	2.925908762123156	2.5008685605135828	2.5008685605135828	2.925908762123156	2.5008685605135828	2.5008685605135828	4.35094896373273	4.35094896373273	4.35094896373273	4.925908762123156	3.925908762123156	2.5008685605135828	4.807659443315649	4.510871262844312	0.3064863615440214	-1.9259087621231559	-0.9259087621231559	0.9809818334853628	1.2033742548218105	0.6690564409287294	-0.3409462614019998	1.406022035094936	0.49913143948641725	-0.1185538400655517	0.40602203509493595	1.7470589529300025	0.34949075440836186	0.17261299232428318	-0.7659864630115738	-0.9259087621231563	0.500355992578942	1.891448862265178	-0.7201966020653101	-0.6039806672357937	0.42776584972158943	0.05991192678706404	0.31308416487230656	0.17892115667389846
59	0.5703971119133574	3.700439718141092	3.0	3.0	4.584962500721156	4.523561956057013	4.0	2.807354922057604	4.087462841250339	3.700439718141092	2.321928094887362	3.4594316186372973	4.247927513443585	3.321928094887362	4.321928094887363	3.0	3.700439718141092	4.584962500721156	4.087462841250339	4.643856189774724	3.9068905956085187	2.6706756512956793	3.0796386361648387	3.0796386361648387	3.0796386361648387	3.0796386361648387	2.6706756512956793	3.0796386361648387	2.6706756512956793	2.6706756512956793	3.0796386361648387	2.6706756512956793	2.6706756512956793	4.488601621033998	4.488601621033998	4.488601621033998	5.079638636164838	4.079638636164838	2.6706756512956793	4.949692463592986	4.664601136885995	1.0297640668454129	-0.07963863616483868	-0.07963863616483868	1.5053238645563174	1.4439233198921744	1.3293243487043207	-0.2722837141072345	1.4167871899546598	1.0297640668454129	-0.7577105412774765	0.788755967341618	1.577251862147906	-1.1666735261466354	-0.166673526146635	-1.4886016210339976	-1.379198918023746	0.5053238645563178	1.4167871899546598	-0.3058362738182616	-0.7577105412774765	0.12130532162126345	0.6104360518825895	0.05051719990456728	0.8324914070727216
55	0.5698924731182796	3.700439718141092	3.0	2.0	4.700439718141092	4.392317422778761	3.584962500721156	3.584962500721156	3.9068905956085187	4.321928094887363	3.321928094887362	4.087462841250339	4.523561956057013	3.9068905956085187	3.9068905956085187	4.247927513443585	3.584962500721156	4.584962500721156	4.643856189774724	4.087462841250339	4.392317422778761	2.837001595463036	3.242993955138873	3.242993955138873	3.242993955138873	3.242993955138873	2.837001595463036	3.242993955138873	2.837001595463036	2.837001595463036	3.242993955138873	2.837001595463036	2.837001595463036	4.64898631481471	4.64898631481471	4.64898631481471	5.242993955138873	4.242993955138873	2.837001595463036	5.110890419131528	4.827956455860029	0.8634381226780561	-0.24299395513887312	-1.2429939551388731	1.4574457630022186	1.1493234676398876	0.74796090525812	0.34196854558228296	1.0698890001454826	1.4849264994243265	0.07893413974848906	1.250461245787303	1.686560360593977	-0.7420957192061914	-0.7420957192061914	-0.40105880137112493	-1.658031454417717	0.34196854558228296	1.8068545943116883	-1.023427577881189	-0.4356390330812685	0.08303921693369865	0.7278005363497362	-0.06461502313374885	0.7866654109026634
28	0.5670487773359434	2.584962500721156	1.584962500721156	1.0	3.584962500721156	4.459431618637297	2.807354922057604	2.321928094887362	4.321928094887363	2.700439718141092	2.321928094887362	3.169925001442312	3.8579809951275723	4.491853096329675	4.247927513443585	3.807354922057604	3.321928094887362	4.754887502163468	4.491853096329675	4.0	3.4594316186372973	2.454917522970887	2.84418586701399	2.84418586701399	2.84418586701399	2.84418586701399	2.454917522970887	2.84418586701399	2.454917522970887	2.454917522970887	2.84418586701399	2.454917522970887	2.454917522970887	4.233454211057092	4.233454211057092	4.233454211057092	4.84418586701399	3.84418586701399	2.454917522970887	4.699959552422031	4.429148367735146	0.13004497775026902	-1.2592233662928338	-1.84418586701399	0.7407766337071662	1.6152457516233074	0.3524373990867171	-0.5222577721266277	1.8670105719164756	0.24552219517020513	-0.5222577721266277	0.7150074784714251	1.4030634721566853	0.2583988852725829	0.014473302386493359	-0.4260992889994877	-1.5222577721266277	0.9107016351494783	2.0369355733587877	-0.6999595524220306	-0.9697167490978487	0.3387094013770679	0.14406773805761558	0.1905273425524139	0.42104404283824926
22	0.5548544252015783	3.0	1.584962500721156	2.0	3.9541963103868754	4.247927513443585	2.807354922057604	2.321928094887362	3.700439718141092	2.9068905956085187	2.584962500721156	2.807354922057604	4.169925001442312	4.523561956057013	4.392317422778761	3.584962500721156	3.4594316186372973	4.426264754702098	4.459431618637297	4.392317422778761	4.044394119358453	2.57758757454528	2.8954196678397857	2.8954196678397857	2.8954196678397857	2.8954196678397857	2.57758757454528	2.8954196678397857	2.57758757454528	2.57758757454528	2.8954196678397857	2.57758757454528	2.57758757454528	4.213251761134292	4.213251761134292	4.213251761134292	4.895419667839786	3.8954196678397857	2.57758757454528	4.699850061596768	4.480382168560942	0.4224124254547199	-1.3104571671186296	-0.8954196678397857	1.0587766425470897	1.3525078456037996	0.22976734751232408	-0.5734915729524235	1.122852143595812	0.3293030210632386	-0.3104571671186296	0.22976734751232408	1.592337426897032	0.31031019492272094	0.17906566164446858	-0.628289260413136	-1.4359880492024883	0.5308450868623122	1.8818440440920172	-0.3075326388180075	-0.43598804920248835	0.4431301210332668	0.05036677724206222	0.2920378119450935	0.2115210933566037
40	0.554318843883302	2.584962500721156	1.584962500721156	1.0	3.321928094887362	4.169925001442312	3.0	2.0	3.9068905956085187	2.584962500721156	2.321928094887362	3.0	3.700439718141092	4.392317422778761	4.247927513443585	3.584962500721156	3.321928094887362	4.523561956057013	4.584962500721156	4.087462841250339	3.700439718141092	2.4297189697236417	2.7444230585895752	2.7444230585895752	2.7444230585895752	2.7444230585895752	2.4297189697236417	2.7444230585895752	2.4297189697236417	2.4297189697236417	2.7444230585895752	2.4297189697236417	2.4297189697236417	4.059127147455508	4.059127147455508	4.059127147455508	4.744423058589575	3.7444230585895752	2.4297189697236417	4.546621670082837	4.329385559310731	0.15524353099751442	-1.1594605578684192	-1.7444230585895752	0.5775050362977869	1.425501942852737	0.5702810302763583	-0.7444230585895752	1.477171625884877	0.15524353099751442	-0.42249496370221307	0.5702810302763583	1.2707207484174505	0.3331902753232523	0.1888003659880768	-0.4741646467343523	-1.422494963702213	0.7791388974674378	2.1552435309975144	-0.45915882883249814	-0.6289458411696391	0.4004022356338818	0.08022152129257329	0.24966957481259003	0.2884217819309787
11	0.5512457572868174	2.807354922057604	1.584962500721156	1.0	3.700439718141092	4.700439718141092	3.321928094887362	2.321928094887362	4.247927513443585	3.0	2.321928094887362	3.169925001442312	4.247927513443585	4.523561956057013	4.392317422778761	3.700439718141092	3.584962500721156	4.584962500721156	4.643856189774724	4.169925001442312	3.4594316186372973	2.67098854262309	2.967758610650433	2.967758610650433	2.967758610650433	2.967758610650433	2.67098854262309	2.967758610650433	2.67098854262309	2.67098854262309	2.967758610650433	2.67098854262309	2.67098854262309	4.264528678677776	4.264528678677776	4.264528678677776	4.967758610650432	3.967758610650433	2.67098854262309	4.757188391224019	4.552721111371588	0.13636637943451424	-1.3827961099292767	-1.9677586106504328	0.7326811074906594	1.732681107490659	0.6509395522642722	-0.6458305157630706	1.5769389708204953	0.32901145737691007	-0.6458305157630706	0.4989364588192222	1.5769389708204953	0.2590332773792374	0.12778874410098506	-0.5640889605366834	-1.3827961099292763	0.6172038900707233	1.9728676471516344	-0.5872633897817066	-1.093289492734291	0.3065060879482926	0.18871841044371138	0.1558382131052765	0.511771514583583
33	0.5368421052631579	2.584962500721156	0.0	1.0	3.584962500721156	4.0	1.584962500721156	1.0	3.4594316186372973	3.0	2.0	2.807354922057604	4.392317422778761	3.169925001442312	4.169925001442312	3.169925001442312	3.321928094887362	4.643856189774724	4.247927513443585	3.9068905956085187	3.4594316186372973	2.3413944448337713	2.5543881681679697	2.5543881681679697	2.5543881681679697	2.5543881681679697	2.3413944448337713	2.5543881681679697	2.3413944448337713	2.3413944448337713	2.5543881681679697	2.3413944448337713	2.3413944448337713	3.767381891502168	3.767381891502168	3.767381891502168	4.55438816816797	3.5543881681679697	2.3413944448337713	4.28478110841069	4.139350668889126	0.24356805588738473	-2.5543881681679697	-1.5543881681679697	1.0305743325531864	1.4456118318320303	-0.7564319441126153	-1.5543881681679697	1.118037173803526	0.6586055551662287	-0.5543881681679697	0.4659604772238328	2.0509229779449893	-0.5974568900598558	0.4025431099401442	-0.5974568900598558	-1.2324600732806075	1.0894680216067547	1.9065330686098139	-0.37789051280217123	-0.6799190502518284	0.33919249903605164	0.1434602057782815	0.17107051964940126	0.47082823391130657
43	0.5303256740865671	2.321928094887362	1.584962500721156	1.0	3.4594316186372973	4.20945336562895	2.584962500721156	2.4594316186372973	3.807354922057604	2.584962500721156	2.584962500721156	3.321928094887362	4.0	4.459431618637297	4.247927513443585	3.700439718141092	3.321928094887362	4.523561956057013	4.523561956057013	4.357552004618084	3.4594316186372973	2.630036910677229	2.8052547716347656	2.8052547716347656	2.8052547716347656	2.8052547716347656	2.630036910677229	2.8052547716347656	2.630036910677229	2.630036910677229	2.8052547716347656	2.630036910677229	2.630036910677229	3.9804726325923023	3.9804726325923023	3.9804726325923023	4.8052547716347656	3.8052547716347656	2.630036910677229	4.509360844356567	4.390217272355922	-0.3081088157898666	-1.2202922709136095	-1.8052547716347656	0.6541768470025318	1.4041985939941846	-0.0450744099560727	-0.34582315299746824	1.1773180113803754	-0.0450744099560727	-0.22029227091360948	0.6918911842101334	1.3699630893227712	0.478958986044995	0.2674548808512829	-0.28003291445121015	-1.4833266767474034	0.7183071844222475	1.8935250453797843	-0.15180883973848314	-0.9307856537186243	0.4102766438011585	0.07237782509801625	0.26638128853919696	0.2562706759060299
53	0.5251531522781574	3.0874628412503395	1.0	2.0	3.807354922057604	4.247927513443585	3.169925001442312	2.321928094887362	3.9068905956085187	3.169925001442312	3.0	3.0	4.247927513443585	4.643856189774724	4.459431618637297	3.4594316186372973	3.9068905956085187	4.392317422778761	4.459431618637297	3.807354922057604	3.807354922057604	2.7847590177060266	2.930034963859677	2.930034963859677	2.930034963859677	2.930034963859677	2.7847590177060266	2.930034963859677	2.7847590177060266	2.7847590177060266	2.930034963859677	2.7847590177060266	2.7847590177060266	4.075310910013328	4.075310910013328	4.075310910013328	4.930034963859677	3.930034963859677	2.7847590177060266	4.613454904461968	4.5149974645808335	0.3027038235443129	-1.930034963859677	-0.930034963859677	0.8773199581979272	1.3178925495839082	0.3851659837362855	-0.6081068689723148	1.122131577902492	0.3851659837362855	0.06996503614032301	0.21524098229397337	1.4631684957375586	0.5685452797613966	0.3841207086239695	-0.6158792913760305	-1.0231443682511587	0.4622824589190837	1.6746726009312707	-0.8060999824043642	-0.7076425425232293	0.38059913867561374	0.0978266606143319	0.23565768551287702	0.317207426115128
66	0.5178857966270932	2.321928094887362	1.584962500721156	1.0	3.584962500721156	4.247927513443585	3.0	2.321928094887362	4.0	2.807354922057604	2.584962500721156	3.321928094887362	4.0	4.643856189774724	4.392317422778761	3.807354922057604	3.4594316186372973	4.700439718141092	4.643856189774724	4.169925001442312	3.584962500721156	2.8077830124940375	2.9110420715857126	2.9110420715857126	2.9110420715857126	2.9110420715857126	2.8077830124940375	2.9110420715857126	2.8077830124940375	2.8077830124940375	2.9110420715857126	2.8077830124940375	2.8077830124940375	4.014301130677387	4.014301130677387	4.014301130677387	4.911042071585713	3.9110420715857126	2.8077830124940375	4.565658482153195	4.496004572306869	-0.4858549176066753	-1.3260795708645565	-1.9110420715857126	0.6739204291354435	1.3368854418578726	0.1922169875059625	-0.5891139766983504	1.1922169875059625	-0.000428090436433326	-0.3260795708645565	0.5141450823933247	1.1922169875059625	0.6295550590973376	0.3780162921013739	-0.20694620861978263	-1.4516104529484153	0.7893976465553791	1.8360731772806869	-0.39573348071088255	-0.9110420715857126	0.4020692062962289	0.07885500825797023	0.26256330872309935	0.2634065672993597
36	0.5153769841269841	2.321928094887362	3.4594316186372973	3.700439718141092	5.643856189774724	5.882643049361842	5.129283016944966	2.321928094887362	4.321928094887363	4.754887502163468	4.584962500721156	5.087462841250339	5.087462841250339	5.584962500721156	5.906890595608519	4.392317422778761	5.554588851677638	5.857980995127572	5.20945336562895	4.700439718141092	6.266786540694901	4.300038613137121	4.388803800072948	4.388803800072948	4.388803800072948	4.388803800072948	4.300038613137121	4.388803800072948	4.300038613137121	4.300038613137121	4.388803800072948	4.300038613137121	4.300038613137121	5.477568987008774	5.477568987008774	5.477568987008774	6.388803800072948	5.388803800072948	4.300038613137121	6.033545712810654	5.973766300794104	-1.9781105182497591	-0.9293721814356504	-0.6883640819318555	1.2550523897017767	1.4938392492888939	0.829244403807845	-2.0668757051855855	0.021889481750241302	0.4548488890263469	0.1961587006482084	0.7874242281132178	0.7874242281132178	0.10739351371238204	0.42932160859974466	-1.0852515642300133	-0.8342149483953101	0.4691771950546242	0.9094147524918288	-1.3331059946695625	0.2930202399007973	0.4304157460877482	0.05817493911811091	0.36036216634401236	0.1185718585879227
7	0.5083440152394533	3.169925001442312	1.0	2.0	4.087462841250339	4.523561956057013	3.169925001442312	2.584962500721156	3.700439718141092	3.0	2.321928094887362	2.807354922057604	4.321928094887363	4.459431618637297	4.459431618637297	3.584962500721156	3.700439718141092	4.459431618637297	4.523561956057013	4.247927513443585	4.0	2.9287221425981755	2.9768780908809314	2.9768780908809314	2.9768780908809314	2.9768780908809314	2.9287221425981755	2.9768780908809314	2.9287221425981755	2.9287221425981755	2.9768780908809314	2.9287221425981755	2.9287221425981755	4.025034039163687	4.025034039163687	4.025034039163687	4.976878090880931	3.9768780908809314	2.9287221425981755	4.594122489830854	4.561840591602087	0.24120285884413661	-1.9768780908809314	-0.9768780908809314	1.1105847503694077	1.5466838651760817	0.24120285884413661	-0.3919155901597753	0.7717175755429166	0.07127785740182446	-0.6549499959935692	-0.12136722054057136	1.393205952289187	0.43439757947361013	0.43439757947361013	-0.4400715384425311	-1.2764383727398392	0.48255352775636595	1.5948398134588375	-0.3461949763872685	-0.5618405916020874	0.41035446390500385	0.07231837848792866	0.22413579784575607	0.3421191160848549
60	0.5019665930351161	2.807354922057604	1.584962500721156	1.0	3.523561956057013	4.285402218862249	3.169925001442312	2.0	4.087462841250339	2.807354922057604	2.0	2.9068905956085187	4.321928094887363	4.129283016944966	4.426264754702098	3.584962500721156	3.321928094887362	4.357552004618084	4.614709844115208	4.357552004618084	3.9541963103868754	2.855907586513983	2.867256421113038	2.867256421113038	2.867256421113038	2.867256421113038	2.855907586513983	2.867256421113038	2.855907586513983	2.855907586513983	2.867256421113038	2.855907586513983	2.855907586513983	3.8786052557120927	3.8786052557120927	3.8786052557120927	4.867256421113038	3.867256421113038	2.855907586513983	4.459794722281732	4.452218921834194	-0.048552664456378736	-1.282293920391882	-1.867256421113038	0.656305534943975	1.4181457977492107	0.31401741492832924	-0.867256421113038	1.2315552547363562	-0.048552664456378736	-0.867256421113038	0.05098300909453579	1.4660205083733797	0.25067776123287366	0.5476594989900052	-0.2936427549909366	-1.5453283262256758	0.49029558350504576	1.7588022576012254	-0.10224271766364801	-0.49802261144731874	0.3985602169218021	0.0817518785999801	0.21872029909512494	0.3542116316659848
38	0.49155444541066345	3.0	1.0	2.0	4.0	4.247927513443585	3.169925001442312	2.807354922057604	3.700439718141092	3.169925001442312	3.0	3.0	4.523561956057013	4.523561956057013	4.523561956057013	3.700439718141092	3.9068905956085187	4.392317422778761	4.584962500721156	4.087462841250339	4.087462841250339	3.0651386890297427	3.016396614255849	3.016396614255849	3.016396614255849	3.016396614255849	3.0651386890297427	3.016396614255849	3.0651386890297427	3.0651386890297427	3.016396614255849	3.0651386890297427	3.0651386890297427	3.967654539481956	3.967654539481956	3.967654539481956	5.016396614255849	4.016396614255849	3.0651386890297427	4.569048054140616	4.601359114977005	-0.06513868902974274	-2.016396614255849	-1.0163966142558492	0.9836033857441508	1.231530899187736	0.10478631241256942	-0.20904169219824498	0.6353010291113494	0.10478631241256942	-0.01639661425584915	-0.06513868902974274	1.4584232670272703	0.555907416575057	0.555907416575057	-0.26721482134086383	-1.1095060186473304	0.37592080852291154	1.5198238116914133	-0.4815852128902769	-0.5138962737266661	0.42916396069261253	0.05899064922101169	0.5124150440425078	0.020886630312196702
32	0.48616457705235516	2.584962500721156	1.0	1.584962500721156	4.523561956057013	4.321928094887363	2.807354922057604	2.584962500721156	3.0	3.0	3.169925001442312	2.807354922057604	3.9068905956085187	4.807354922057604	4.459431618637297	3.4594316186372973	4.321928094887363	4.459431618637297	4.321928094887363	3.9068905956085187	3.9068905956085187	3.027123743071107	2.9472621719185548	2.9472621719185548	2.9472621719185548	2.9472621719185548	3.027123743071107	2.9472621719185548	3.027123743071107	3.027123743071107	2.9472621719185548	3.027123743071107	3.027123743071107	3.8674006007660036	3.8674006007660036	3.8674006007660036	4.947262171918555	3.9472621719185548	3.027123743071107	4.479477804158249	4.532224672639711	-0.4421612423499508	-1.9472621719185548	-1.3622996711973987	1.5762997841384583	1.3746659229688079	-0.2197688210135027	-0.3622996711973987	-0.027123743071106876	-0.027123743071106876	0.22266282952375738	-0.2197688210135027	0.8797668525374118	0.9399543212916002	0.5920310178712938	-0.40796898212870625	-0.6253340770311926	0.5121694467187425	1.2948043518162557	-0.5725872085497299	-0.6253340770311926	0.4921327670872102	0.027511435626010335	0.45029678797704664	0.046334298770536665
51	0.48396254450529047	2.584962500721156	1.0	1.584962500721156	3.321928094887362	4.169925001442312	3.321928094887362	1.584962500721156	3.9068905956085187	2.807354922057604	2.0	2.807354922057604	3.9068905956085187	4.0	3.807354922057604	3.0	3.169925001442312	4.169925001442312	4.247927513443585	3.584962500721156	3.584962500721156	2.6456842307788406	2.553103843122844	2.553103843122844	2.553103843122844	2.553103843122844	2.6456842307788406	2.553103843122844	2.6456842307788406	2.6456842307788406	2.553103843122844	2.6456842307788406	2.6456842307788406	3.460523455466847	3.460523455466847	3.460523455466847	4.553103843122844	3.553103843122844	2.6456842307788406	4.077010832095368	4.138066343844	-0.06072173005768455	-1.553103843122844	-0.968141342401688	0.7688242517645181	1.616821158319468	0.6762438641085216	-0.968141342401688	1.261206364829678	0.16167069127876355	-0.5531038431228441	0.16167069127876355	1.261206364829678	0.5394765445331529	0.34683146659075703	-0.46052345546684714	-1.3831788416805315	0.616821158319468	1.6022432826647446	-0.4920483313742121	-0.5531038431228437	0.3408529812715686	0.1413857143626702	0.41994925422819224	0.0652647272667127
49	0.48220483514396656	3.169925001442312	1.0	2.0	4.0	4.584962500721156	3.321928094887362	2.321928094887362	4.321928094887363	3.4594316186372973	2.807354922057604	3.169925001442312	4.459431618637297	4.643856189774724	4.584962500721156	3.584962500721156	3.9068905956085187	4.523561956057013	4.643856189774724	3.9068905956085187	4.087462841250339	3.2041946056185933	3.1014592292717222	3.1014592292717222	3.1014592292717222	3.1014592292717222	3.2041946056185933	3.1014592292717222	3.2041946056185933	3.2041946056185933	3.1014592292717222	3.2041946056185933	3.2041946056185933	3.998723852924851	3.998723852924851	3.998723852924851	5.101459229271722	4.101459229271722	3.2041946056185933	4.618750667128616	4.686421729992879	-0.03426960417628111	-2.1014592292717222	-1.1014592292717222	0.8985407707282778	1.4835032714494338	0.11773348926876892	-0.7795311343843601	1.1177334892687694	0.25523701301870405	-0.29410430721411807	-0.03426960417628111	1.255237013018704	0.6451323368498731	0.5862386477963049	-0.41376135220369514	-1.194568633663203	0.42210272678529126	1.439661584156131	-0.7118600715200971	-0.5989588887425397	0.37020792253362744	0.10811862736101951	0.44737349477373334	0.04794803179841768
27	0.4808113318133002	3.321928094887362	2.0	1.584962500721156	4.169925001442312	4.0	3.584962500721156	2.0	3.700439718141092	2.584962500721156	3.0	3.4594316186372973	4.643856189774724	4.700439718141092	4.392317422778761	3.0	4.584962500721156	4.906890595608519	5.129283016944966	3.700439718141092	4.169925001442312	3.2634797101068718	3.1526917127341547	3.1526917127341547	3.1526917127341547	3.1526917127341547	3.2634797101068718	3.1526917127341547	3.2634797101068718	3.2634797101068718	3.1526917127341547	3.2634797101068718	3.2634797101068718	4.041903715361438	4.041903715361438	4.041903715361438	5.152691712734154	4.152691712734154	3.2634797101068718	4.664748752700977	4.737654213455311	0.058448384780490414	-1.1526917127341547	-1.5677292120129986	1.0172332887081574	0.8473082872658453	0.3214827906142843	-1.1526917127341547	0.4369600080342204	-0.6785172093857157	-0.15269171273415472	0.19595190853042554	1.3803764796678526	0.6585360027796536	0.3504137074173226	-1.041903715361438	-0.5677292120129982	0.7541988828743644	1.8658033068380946	-0.9643090345598853	-0.5677292120129991	0.4304365736508939	0.05816143986236606	0.5399739474037549	0.01398720437989879
10	0.47823418369115744	3.321928094887362	1.0	1.0	4.247927513443585	4.321928094887363	3.4594316186372973	2.321928094887362	4.247927513443585	3.584962500721156	2.807354922057604	3.4594316186372973	4.700439718141092	4.247927513443585	4.392317422778761	3.4594316186372973	3.700439718141092	4.321928094887363	4.392317422778761	4.247927513443585	4.247927513443585	3.183644598958031	3.0579594265391714	3.0579594265391714	3.0579594265391714	3.0579594265391714	3.183644598958031	3.0579594265391714	3.183644598958031	3.183644598958031	3.0579594265391714	3.183644598958031	3.183644598958031	3.9322742541203115	3.9322742541203115	3.9322742541203115	5.057959426539171	4.057959426539171	3.183644598958031	4.560359934029892	4.6429219272603275	0.1382834959293313	-2.0579594265391714	-2.0579594265391714	1.1899680869044138	1.2639686683481912	0.27578701967926644	-0.7360313316518092	1.0642829144855543	0.4013179017631252	-0.25060450448156724	0.27578701967926644	1.5167951191830609	0.3156532593232737	0.4600431686584492	-0.4728426354830142	-1.3575197083980792	0.2639686683481912	1.2086728238207298	-0.3124324205863065	-0.3949944138167423	0.3566898508194017	0.12265005724081454	0.421349053706019	0.06428061961070268
58	0.4781145088308276	2.4594316186372973	1.584962500721156	2.4594316186372973	4.285402218862249	4.832890014164741	3.523561956057013	2.700439718141092	4.930737337562887	3.807354922057604	2.9068905956085187	3.643856189774725	4.672425341971495	4.20945336562895	4.727920454563199	3.9541963103868754	3.9541963103868754	5.169925001442312	5.22881869049588	4.643856189774724	4.285402218862249	3.549875153825107	3.4234980456531114	3.4234980456531114	3.4234980456531114	3.4234980456531114	3.549875153825107	3.4234980456531114	3.549875153825107	3.549875153825107	3.4234980456531114	3.549875153825107	3.549875153825107	4.2971209374811155	4.2971209374811155	4.2971209374811155	5.423498045653111	4.423498045653111	3.549875153825107	4.925450884806505	5.008460546374267	-1.0904435351878097	-1.8385355449319554	-0.9640664270158141	0.8619041732091373	1.4093919685116298	-0.026313197768093932	-0.7230583275120193	1.3808621837377797	0.2574797682324972	-0.5166074500445927	0.09398103594961782	1.1225501881463882	-0.08766757185216534	0.4307995170820833	-0.3429246270942401	-1.4693017352662356	0.7464269557892012	1.6789435366707735	-0.2815946950317807	-0.7230583275120184	0.3504227730748679	0.12983927829907893	0.40150797762462215	0.07931313460519718
46	0.4680969779986507	3.0	1.3219280948873624	1.0	3.700439718141092	4.247927513443585	3.0	2.0	4.247927513443585	3.169925001442312	2.700439718141092	3.0	4.169925001442312	4.169925001442312	4.321928094887363	3.4594316186372973	3.700439718141092	4.523561956057013	4.672425341971495	3.9068905956085187	4.087462841250339	3.0823521232365314	2.89799634074065	2.89799634074065	2.89799634074065	2.89799634074065	3.0823521232365314	2.89799634074065	3.0823521232365314	3.0823521232365314	2.89799634074065	3.0823521232365314	3.0823521232365314	3.7136405582447676	3.7136405582447676	3.7136405582447676	4.89799634074065	3.89799634074065	3.0823521232365314	4.3627084733436865	4.482958841461806	-0.0823521232365314	-1.5760682458532875	-1.89799634074065	0.8024433774004422	1.3499311727029353	-0.0823521232365314	-0.8979963407406499	1.1655753902070538	0.08757287820578075	-0.19755662259955775	-0.0823521232365314	1.0875728782057807	0.4562844431975446	0.608287536642595	-0.25420893960747026	-1.1975566225995578	0.6255656153163631	1.5900732187349638	-0.4558178777351678	-0.3954960002114669	0.42104221117370044	0.06449537717648374	0.4897347624832227	0.02839302480550112
57	0.45842113828615966	3.0	1.584962500721156	1.0	3.700439718141092	4.044394119358453	3.0	2.321928094887362	4.0	3.4594316186372973	2.4594316186372973	3.169925001442312	4.247927513443585	4.321928094887363	4.459431618637297	3.7548875021634687	3.584962500721156	4.614709844115208	4.584962500721156	4.169925001442312	3.9068905956085187	3.167124610008791	2.9266267494493943	2.9266267494493943	2.9266267494493943	2.9266267494493943	3.167124610008791	2.9266267494493943	3.167124610008791	3.167124610008791	2.9266267494493943	3.167124610008791	3.167124610008791	3.686128888889998	3.686128888889998	3.686128888889998	4.926626749449395	3.9266267494493943	3.167124610008791	4.355790790940365	4.511589250170551	-0.16712461000879086	-1.3416642487282382	-1.9266267494493943	0.7738129686916979	1.1177673699090591	-0.16712461000879086	-0.6046986545620321	0.8328753899912091	0.29230700862850645	-0.46719513081209696	0.0028003914335212876	1.0808029034347943	0.6357992059973645	0.7733027297472992	0.06875861327347055	-1.3416642487282386	0.6880830946658141	1.4178378907123652	-0.18586578949805244	-0.6046986545620321	0.44214578577139024	0.050940958997192094	0.5651224975559875	0.009418983775509265
3	0.4508949010143538	2.4594316186372973	0.0	1.3219280948873624	3.9541963103868754	4.169925001442312	2.4594316186372973	2.0	4.321928094887363	2.321928094887362	1.584962500721156	3.0	4.20945336562895	3.643856189774725	3.7548875021634687	2.807354922057604	3.0	4.169925001442312	4.044394119358453	3.700439718141092	3.321928094887362	2.8016898871400344	2.5173987741615327	2.5173987741615327	2.5173987741615327	2.5173987741615327	2.8016898871400344	2.5173987741615327	2.8016898871400344	2.8016898871400344	2.5173987741615327	2.8016898871400344	2.8016898871400344	3.2331076611830305	3.2331076611830305	3.2331076611830305	4.517398774161532	3.5173987741615327	2.8016898871400344	3.9191875790296926	4.102361274882688	-0.3422582685027371	-2.5173987741615327	-1.1954706792741703	1.4367975362253427	1.6525262272807795	-0.3422582685027371	-0.5173987741615327	1.5202382077473282	-0.47976179225267224	-0.9324362734403766	0.19831011285996558	1.4077634784889157	0.4107485285916943	0.5217798409804382	-0.4257527391254263	-1.5173987741615322	0.6525262272807795	1.242704232218419	-0.21874786088860043	-0.7804331799953261	0.30577709074530257	0.18982595803596194	0.32690873275467774	0.15947170099489816
2	0.4456594374582346	2.9068905956085187	1.584962500721156	2.0	4.321928094887363	4.169925001442312	3.3923174227787602	2.4594316186372973	3.7548875021634687	4.129283016944966	2.9068905956085187	3.4594316186372973	4.807354922057604	4.044394119358453	4.392317422778761	3.7548875021634687	3.321928094887362	4.882643049361842	4.954196310386875	4.977279923499917	4.285402218862249	3.5192760859669563	3.204445166019906	3.204445166019906	3.204445166019906	3.204445166019906	3.5192760859669563	3.204445166019906	3.5192760859669563	3.5192760859669563	3.204445166019906	3.5192760859669563	3.5192760859669563	3.889614246072856	3.889614246072856	3.889614246072856	5.204445166019906	4.204445166019906	3.5192760859669563	4.587328411782148	4.789407666741062	-0.6123854903584376	-1.61948266529875	-1.204445166019906	1.1174829288674566	0.9654798354224061	-0.12695866318819604	-0.7450135473826087	0.23561141619651238	0.6100069309780101	-0.29755457041138733	-0.05984446732965898	1.2880788360906474	0.15477987328559717	0.5027031767059045	-0.13472674390938755	-1.8825170711325439	0.6781978833419355	1.4349202244199186	0.38995151171776854	-0.5040054478788134	0.3834225222009027	0.0951582069867036	0.4673385840886055	0.03774197243320109
16	0.4455724212812309	3.2479275134435857	1.8073549220576042	3.0	4.044394119358453	4.426264754702098	3.169925001442312	2.584962500721156	4.169925001442312	3.2479275134435857	2.169925001442312	3.2479275134435857	4.426264754702098	4.357552004618084	4.044394119358453	3.807354922057604	3.584962500721156	4.491853096329675	4.78135971352466	3.9541963103868754	3.9068905956085187	3.3232814180861174	3.0079423350821712	3.0079423350821712	3.0079423350821712	3.0079423350821712	3.3232814180861174	3.0079423350821712	3.3232814180861174	3.3232814180861174	3.0079423350821712	3.3232814180861174	3.3232814180861174	3.6926032520782246	3.6926032520782246	3.6926032520782246	5.007942335082172	4.007942335082172	3.3232814180861174	4.390512294932133	4.592904835803328	-0.07535390464253178	-1.200587413024567	-0.007942335082171237	1.0364517842762822	1.4183224196199267	-0.15335641664380528	-0.42297983436101516	0.8466435833561947	-0.07535390464253178	-0.8380173336398591	-0.07535390464253178	1.1029833366159805	0.6649487525398592	0.3517908672802288	0.11475166997937958	-1.4229798343610156	0.4839107612475031	1.4580782954385425	-0.4363159845452578	-0.686014240194809	0.3301430369624793	0.1551413297697672	0.3816298623153777	0.09684624502330623
52	0.4372185773090564	2.9068905956085187	0.0	1.8073549220576042	3.9068905956085187	4.0	2.584962500721156	2.584962500721156	4.044394119358453	3.321928094887362	2.700439718141092	3.0	4.643856189774724	3.9541963103868754	4.491853096329675	3.169925001442312	3.523561956057013	4.087462841250339	4.247927513443585	3.3923174227787602	3.643856189774725	3.1127826922621193	2.748562688061107	2.748562688061107	2.748562688061107	2.748562688061107	3.1127826922621193	2.748562688061107	3.1127826922621193	3.1127826922621193	2.748562688061107	3.1127826922621193	3.1127826922621193	3.3843426838600945	3.3843426838600945	3.3843426838600945	4.748562688061107	3.748562688061107	3.1127826922621193	4.101195565350729	4.3335251887822634	-0.20589209665360064	-2.748562688061107	-0.9412077660035028	1.1583279075474118	1.251437311938893	-0.5278201915409633	-0.16360018733995085	0.931611427096334	0.20914540262524284	-0.048122969920014746	-0.11278269226211934	1.531073497512605	0.5698536265267808	1.1075104124695803	-0.21441768241778236	-1.2250007320040943	0.33890015318923217	1.1351448211814659	-0.7088781425719684	-0.6896689990075386	0.31377827937489305	0.17790792251582693	0.4062793646103474	0.07548074733534466
19	0.42152437794037995	3.0	2.169925001442312	2.584962500721156	4.882643049361842	4.392317422778761	2.9068905956085187	2.807354922057604	4.392317422778761	4.087462841250339	3.169925001442312	4.169925001442312	5.066089190457772	4.426264754702098	4.78135971352466	3.523561956057013	4.044394119358453	4.857980995127572	4.954196310386875	3.9068905956085187	4.754887502163468	3.834284065262453	3.377643970948066	3.377643970948066	3.377643970948066	3.377643970948066	3.834284065262453	3.377643970948066	3.834284065262453	3.834284065262453	3.377643970948066	3.834284065262453	3.834284065262453	3.921003876633679	3.921003876633679	3.921003876633679	5.377643970948066	4.377643970948066	3.834284065262453	4.674754743055851	4.962606471669222	-0.834284065262453	-1.2077189695057537	-0.7926814702269098	1.5049990784137757	1.0146734518306948	-0.9273934696539343	-0.5702890488904617	0.5580333575163077	0.2531787759878861	-0.20771896950575375	0.33564093617985913	1.231805125195319	0.5052608780684187	0.8603558368909807	-0.39744192057666616	-1.3332498515896125	0.48033702417950597	1.119912245124422	-0.767864147447332	-0.20771896950575375	0.3506274256746713	0.129599899836419	0.3305654388328187	0.15458186494188164
37	0.41845021512512	2.807354922057604	1.584962500721156	1.0	3.700439718141092	4.643856189774724	3.4594316186372973	2.321928094887362	4.523561956057013	3.169925001442312	2.321928094887362	3.321928094887362	4.523561956057013	4.247927513443585	4.321928094887363	3.584962500721156	3.584962500721156	4.459431618637297	4.584962500721156	4.0	3.4594316186372973	3.4132291379912036	2.9383824250267336	2.9383824250267336	2.9383824250267336	2.9383824250267336	3.4132291379912036	2.9383824250267336	3.4132291379912036	3.4132291379912036	2.9383824250267336	3.4132291379912036	3.4132291379912036	3.463535712062264	3.463535712062264	3.463535712062264	4.938382425026734	3.9383824250267336	3.4132291379912036	4.22472333346031	4.523344925747891	-0.6058742159335995	-1.3534199243055776	-1.9383824250267336	0.7620572931143585	1.7054737647479907	0.04620248064609367	-0.6164543301393715	1.1103328180658094	-0.2433041365488915	-0.6164543301393715	-0.09130104310384146	1.1103328180658094	0.7843918013813211	0.8583923828250986	0.121426788658892	-1.3534199243055776	0.5210491936105637	1.1717333627299524	-0.22472333346031004	-1.0639133071105933	0.33939020786075214	0.1432120901927681	0.33914427376733675	0.1435207719593437
23	0.4155739535536339	3.0874628412503395	0.0	0.5849625007211562	3.8579809951275723	3.700439718141092	2.807354922057604	2.0	4.247927513443585	2.9068905956085187	1.8073549220576042	2.700439718141092	4.044394119358453	3.8579809951275723	4.129283016944966	2.169925001442312	3.523561956057013	4.426264754702098	3.8579809951275723	3.584962500721156	3.0874628412503395	2.9970792240741506	2.5051639820465126	2.5051639820465126	2.5051639820465126	2.5051639820465126	2.9970792240741506	2.5051639820465126	2.9970792240741506	2.9970792240741506	2.5051639820465126	2.9970792240741506	2.9970792240741506	3.0132487400188745	3.0132487400188745	3.0132487400188745	4.505163982046513	3.5051639820465126	2.9970792240741506	3.7814587216010693	4.090126482767669	0.09038361717618892	-2.5051639820465126	-1.9202014813253565	1.3528170130810597	1.1952757360945796	-0.18972430201654644	-0.5051639820465126	1.2508482893694346	-0.09018862846563191	-0.6978090599889084	-0.29663950593305843	1.0473148952843028	0.8447322551086978	1.1160342769260918	-0.8433237385765624	-0.9816020259895	0.9211007726555853	0.8609017710534217	-0.19649622087991325	-1.0026636415173296	0.40229346334247224	0.07867249984757092	0.4213542193911941	0.06427700879288697
56	0.4014120335086077	2.584962500721156	1.584962500721156	1.0	3.4594316186372973	4.392317422778761	3.169925001442312	2.321928094887362	4.392317422778761	3.0	2.321928094887362	3.0	4.321928094887363	4.087462841250339	4.087462841250339	3.321928094887362	3.2479275134435857	4.169925001442312	4.392317422778761	3.807354922057604	3.321928094887362	3.270814422116057	2.6943350120992813	2.6943350120992813	2.6943350120992813	2.6943350120992813	3.270814422116057	2.6943350120992813	3.270814422116057	3.270814422116057	2.6943350120992813	3.270814422116057	3.270814422116057	3.1178556020825057	3.1178556020825057	3.1178556020825057	4.694335012099281	3.6943350120992813	3.270814422116057	3.9215810199766588	4.279297512820437	-0.6858519213949008	-1.1093725113781252	-1.6943350120992813	0.765096606538016	1.6979824106794794	-0.10088942067374473	-0.3724069172119191	1.1215030006627038	-0.2708144221160569	-0.3724069172119191	-0.2708144221160569	1.0511136727713057	0.9696072391678334	0.9696072391678334	0.2040724928048565	-1.4464074986556956	0.4755899893430309	1.1215030006627038	-0.11422609791905458	-0.9573694179330752	0.3103090376948833	0.18301129633358312	0.3020912166660998	0.1954927563902236
1	0.3979057591623036	2.584962500721156	0.0	1.0	3.584962500721156	4.169925001442312	2.807354922057604	2.321928094887362	4.321928094887363	2.807354922057604	2.0	2.807354922057604	4.584962500721156	3.4594316186372973	4.459431618637297	2.584962500721156	3.0	4.700439718141092	3.700439718141092	2.0	2.807354922057604	3.105978054148201	2.508415516647411	2.508415516647411	2.508415516647411	2.508415516647411	3.105978054148201	2.508415516647411	3.105978054148201	3.105978054148201	2.508415516647411	3.105978054148201	3.105978054148201	2.910852979146621	2.910852979146621	2.910852979146621	4.5084155166474105	3.508415516647411	3.105978054148201	3.7236213973905894	4.093378017368567	-0.5210155534270449	-2.508415516647411	-1.508415516647411	1.0765469840737452	1.6615094847949012	-0.29862313209059677	-0.18648742176004873	1.2159500407391617	-0.29862313209059677	-0.5084155166474109	-0.29862313209059677	1.4789844465729551	0.5485786394906764	1.5485786394906764	-0.3258904784254648	-1.5084155166474105	1.1920242014936808	0.5944616639928912	-1.7236213973905894	-1.2860230953109633	0.20002535953826692	0.39781190759879914	0.2849136334719869	0.2233900999715009
13	0.3932461873638344	3.4594316186372973	2.584962500721156	1.584962500721156	4.321928094887363	4.459431618637297	3.584962500721156	3.700439718141092	4.392317422778761	4.0	3.169925001442312	4.459431618637297	4.643856189774724	3.9068905956085187	3.584962500721156	4.392317422778761	4.0	3.700439718141092	5.087462841250339	3.700439718141092	4.392317422778761	3.811031780302696	3.1853532898498353	3.1853532898498353	3.1853532898498353	3.1853532898498353	3.811031780302696	3.1853532898498353	3.811031780302696	3.811031780302696	3.1853532898498353	3.811031780302696	3.811031780302696	3.559674799396974	3.559674799396974	3.559674799396974	5.185353289849835	4.185353289849835	3.811031780302696	4.3846203213914405	4.770315790570991	-0.35160016166539876	-0.6003907891286793	-1.6003907891286793	1.1365748050375273	1.274078328787462	-0.22606927958154	0.5150864282912568	0.5812856424760646	0.18896821969730393	-0.015428288407523194	0.6483998383346012	0.8328244094720283	0.3472157962115445	0.0252877013241819	0.8326426233817865	-1.185353289849835	-0.4849135717087427	1.276431060947643	-0.6841806032503484	-0.3779983677922303	0.3135047614827755	0.1783067235296163	0.3012593034164285	0.19678726904092175
24	0.3835171952120137	3.0874628412503395	0.5849625007211562	2.169925001442312	3.321928094887362	4.614709844115208	1.8073549220576042	2.4594316186372973	4.044394119358453	3.643856189774725	2.807354922057604	2.700439718141092	4.672425341971495	3.643856189774725	4.491853096329675	3.2479275134435857	3.2479275134435857	4.285402218862249	4.491853096329675	2.807354922057604	4.0	3.418046311240094	2.7332769195738784	2.7332769195738784	2.7332769195738784	2.7332769195738784	3.418046311240094	2.7332769195738784	3.418046311240094	3.418046311240094	2.7332769195738784	3.418046311240094	3.418046311240094	3.0485075279076628	3.0485075279076628	3.0485075279076628	4.733276919573878	3.7332769195738784	3.418046311240094	3.8994849343327234	4.3182394202950345	-0.3305834699897545	-2.1483144188527223	-0.5633519181315663	0.5886511753134838	1.88143292454133	-1.6106913891824899	-0.2738453009365811	0.6263478081183593	0.22580987853463075	0.07407800248372576	-0.7176065930990019	1.2543790307314011	0.595348661867062	1.443345568422012	0.19941998553592288	-1.4853494061302928	0.5521252992883703	1.0738067850895807	-1.0921300122751192	-0.3182394202950345	0.24538259552131028	0.29705210614751476	0.23716656011149007	0.3140277798961323
35	0.3814229249011858	2.807354922057604	1.3219280948873624	1.584962500721156	3.7548875021634687	4.357552004618084	2.169925001442312	2.0	4.285402218862249	2.807354922057604	1.0	3.321928094887362	4.357552004618084	4.285402218862249	4.584962500721156	3.0874628412503395	3.700439718141092	4.727920454563199	4.285402218862249	3.3923174227787602	2.9068905956085187	3.414950444396921	2.7173886347323832	2.7173886347323832	2.7173886347323832	2.7173886347323832	3.414950444396921	2.7173886347323832	3.414950444396921	3.414950444396921	2.7173886347323832	3.414950444396921	3.414950444396921	3.0198268250678457	3.0198268250678457	3.0198268250678457	4.717388634732384	3.7173886347323832	3.414950444396921	3.8765184331752014	4.30235113545354	-0.607595522339317	-1.3954605398450208	-1.1324261340112272	1.0374988674310854	1.6401633698857006	-1.245025442954609	-0.7173886347323832	0.8704517744653275	-0.607595522339317	-1.7173886347323832	-0.09302234950955901	0.9426015602211626	1.265575393794403	1.5651356756533104	0.06763601618249382	-1.0169489165912915	1.0105318198308155	0.8704517744653275	-0.48420101039644114	-1.395460539845021	0.3066385286614557	0.18851766481625332	0.30068992225463675	0.1976765619656456
20	0.3806818181818182	2.321928094887362	1.584962500721156	1.584962500721156	2.807354922057604	4.169925001442312	3.321928094887362	1.0	4.087462841250339	3.0	1.584962500721156	3.169925001442312	3.807354922057604	3.0	3.700439718141092	3.0	3.0	4.169925001442312	4.087462841250339	3.584962500721156	3.584962500721156	3.0687165241115872	2.3666213897924333	2.3666213897924333	2.3666213897924333	2.3666213897924333	3.0687165241115872	2.3666213897924333	3.0687165241115872	3.0687165241115872	2.3666213897924333	3.0687165241115872	3.0687165241115872	2.664526255473279	2.664526255473279	2.664526255473279	4.366621389792433	3.3666213897924333	3.0687165241115872	3.5232495686212877	3.9515838905135894	-0.7467884292242251	-0.7816588890712772	-0.7816588890712772	0.44073353226517087	1.8033036116498788	0.25321157077577494	-1.3666213897924333	1.0187463171387519	-0.06871652411158724	-0.7816588890712772	0.10120847733072491	0.7386383979460169	0.3354737445267211	1.0359134626678133	0.3354737445267211	-1.3666213897924333	0.8033036116498788	1.0187463171387519	0.06171293209986839	-0.3666213897924333	0.45387266715258756	0.04441746097240545	0.49277411689509	0.027279345595992315
48	0.3749938668451236	2.321928094887362	1.584962500721156	1.0	3.4594316186372973	4.087462841250339	2.807354922057604	2.169925001442312	4.321928094887363	3.0	2.0	3.321928094887362	4.426264754702098	3.9068905956085187	4.087462841250339	3.584962500721156	3.321928094887362	4.169925001442312	4.357552004618084	3.9068905956085187	3.321928094887362	3.361560927172997	2.6245575802555643	2.6245575802555643	2.6245575802555643	2.6245575802555643	3.361560927172997	2.6245575802555643	3.361560927172997	3.361560927172997	2.6245575802555643	3.361560927172997	3.361560927172997	2.8875542333381317	2.8875542333381317	2.8875542333381317	4.624557580255565	3.6245575802555643	3.361560927172997	3.7620405117182094	4.20952008097672	-1.0396328322856347	-1.0395950795344082	-1.6245575802555643	0.834874038381733	1.4629052609947748	-0.5542060051153928	-0.45463257881325214	0.9603671677143657	-0.3615609271729969	-0.6245575802555643	-0.039632832285634745	1.064703827529101	1.019336362270387	1.1999086079122074	0.6974082673830244	-1.3026294853682026	0.5453674211867479	0.9959910774450869	0.1448500838903093	-0.8875919860893577	0.34373650616869983	0.13783343428052547	0.3530858254823628	0.12674877809139068
5	0.3703798627859521	2.584962500721156	1.0	1.584962500721156	4.087462841250339	4.643856189774724	3.169925001442312	2.584962500721156	4.169925001442312	3.584962500721156	2.584962500721156	2.807354922057604	4.523561956057013	4.0	4.169925001442312	3.0	3.321928094887362	4.087462841250339	4.643856189774724	3.0	4.0	3.523088172285879	2.757612151541186	2.757612151541186	2.757612151541186	2.757612151541186	3.523088172285879	2.757612151541186	3.523088172285879	3.523088172285879	2.757612151541186	3.523088172285879	3.523088172285879	2.9921361307964927	2.9921361307964927	2.9921361307964927	4.757612151541186	3.757612151541186	3.523088172285879	3.879634419794089	4.342574652262342	-0.9381256715647228	-1.7576121515411862	-1.1726496508200301	1.3298506897091529	1.8862440382335381	-0.35316317084356674	-0.17264965082003014	0.6468368291564333	0.06187432843527718	-0.17264965082003014	-0.7157332502282747	1.0004737837711342	1.0078638692035073	1.1777888706458195	0.007863869203507345	-1.4356840566538236	0.3298506897091529	1.1207680174888455	-0.8796344197940891	-0.34257465226234185	0.2611698135000887	0.2660419247938924	0.2434868445000158	0.300918282081354
39	0.3653483968877695	2.584962500721156	1.0	1.0	3.807354922057604	4.247927513443585	3.2479275134435857	2.0	4.459431618637297	3.584962500721156	2.807354922057604	3.4594316186372973	4.672425341971495	4.0	4.247927513443585	3.4594316186372973	3.584962500721156	4.392317422778761	4.754887502163468	3.807354922057604	4.087462841250339	3.65961702543088	2.862925071758791	2.862925071758791	2.862925071758791	2.862925071758791	3.65961702543088	2.862925071758791	3.65961702543088	3.65961702543088	2.862925071758791	3.65961702543088	3.65961702543088	3.066233118086702	3.066233118086702	3.066233118086702	4.862925071758791	3.862925071758791	3.65961702543088	3.968157467624312	4.447887572479947	-1.074654524709724	-1.862925071758791	-1.862925071758791	0.9444298502988131	1.3850024416847941	-0.4116895119872943	-0.8629250717587911	0.7998145932064173	-0.07465452470972389	-0.0555701497011869	-0.20018540679358265	1.0128083165406152	0.9337668819132978	1.181694395356883	0.39319850055059513	-1.2779625710376346	0.5293923510199696	1.0952704767325883	-0.1608025455667077	-0.3604247312296076	0.40769982083934164	0.07436696008684779	0.40650128772434313	0.07530592181556398
18	0.3579444118453303	2.584962500721156	1.584962500721156	1.0	3.9068905956085187	4.392317422778761	3.321928094887362	2.321928094887362	4.584962500721156	3.807354922057604	2.584962500721156	3.584962500721156	4.700439718141092	4.0	4.169925001442312	3.4594316186372973	3.700439718141092	4.392317422778761	4.700439718141092	3.807354922057604	4.087462841250339	3.74390804126141	2.9009453890712322	2.9009453890712322	2.9009453890712322	2.9009453890712322	3.74390804126141	2.9009453890712322	3.74390804126141	3.74390804126141	2.9009453890712322	3.74390804126141	3.74390804126141	3.057982736881055	3.057982736881055	3.057982736881055	4.900945389071232	3.9009453890712322	3.74390804126141	3.9815996982807724	4.485907889792388	-1.158945540540254	-1.3159828883500762	-1.9009453890712322	1.0059452065372865	1.4913720337075285	-0.4219799463740479	-0.57901729418387	0.841054459459746	0.0634468807961941	-0.31598288835007615	-0.158945540540254	0.9565316768796817	0.9420172631189452	1.1119422645612573	0.4014488817562425	-1.20050567093014	0.49137203370752847	0.9565316768796817	-0.17424477622316825	-0.3984450485420492	0.40874437778449907	0.0735557758041185	0.3829048252211866	0.09564346356153348
8	0.3534862552473037	2.807354922057604	1.0	1.584962500721156	4.0	4.247927513443585	3.321928094887362	2.321928094887362	4.523561956057013	3.584962500721156	3.0	2.807354922057604	4.459431618637297	4.247927513443585	4.321928094887363	3.321928094887362	3.9068905956085187	4.247927513443585	4.459431618637297	3.4594316186372973	4.087462841250339	3.689873125348193	2.8188462027946035	2.8188462027946035	2.8188462027946035	2.8188462027946035	3.689873125348193	2.8188462027946035	3.689873125348193	3.689873125348193	2.8188462027946035	3.689873125348193	3.689873125348193	2.947819280241014	2.947819280241014	2.947819280241014	4.818846202794604	3.8188462027946035	3.689873125348193	3.884773492865621	4.40380870351576	-0.8825182032905889	-1.8188462027946035	-1.2338837020734474	1.1811537972053965	1.4290813106489817	-0.36794503046083094	-0.49691810790724134	0.8336888307088199	-0.10491062462703704	0.18115379720539648	-0.8825182032905889	0.7695584932891042	1.3001082332025713	1.3741088146463487	0.37410881464634826	-0.9119556071860853	0.4290813106489817	0.7695584932891042	-0.4253418742283235	-0.31634586226542094	0.36699265452140073	0.11145609396474393	0.3395285733509883	0.14303862676598397
67	0.3528108273239087	3.0	1.0	2.0	3.9068905956085187	4.392317422778761	3.321928094887362	2.321928094887362	4.584962500721156	3.700439718141092	2.321928094887362	3.169925001442312	4.554588851677638	4.087462841250339	4.247927513443585	3.321928094887362	3.700439718141092	4.321928094887363	4.459431618637297	3.321928094887362	3.9068905956085187	3.6840979685764528	2.8088053326430416	2.8088053326430416	2.8088053326430416	2.8088053326430416	3.6840979685764528	2.8088053326430416	3.6840979685764528	3.6840979685764528	2.8088053326430416	3.6840979685764528	3.6840979685764528	2.9335126967096308	2.9335126967096308	2.9335126967096308	4.8088053326430416	3.8088053326430416	3.6840979685764528	3.872506067137923	4.3937678333641985	-0.6840979685764528	-1.8088053326430416	-0.8088053326430416	1.0980852629654771	1.5835120901357191	-0.3621698736890906	-0.48687723775567937	0.9008645321447033	0.016341749564639407	-0.48687723775567937	-0.5141729671341406	0.8704908831011848	1.1539501445407083	1.3144148167339544	0.3884153981777314	-1.1083656145019494	0.5131227622443211	0.7753336500608445	-0.5505779722505606	-0.4868772377556798	0.3720078028377207	0.10628219559040959	0.33991973530185343	0.14254903899278107
63	0.3436303421162711	2.9068905956085187	2.321928094887362	2.584962500721156	4.584962500721156	4.807354922057604	3.8579809951275723	2.169925001442312	4.930737337562887	3.9541963103868754	2.807354922057604	3.807354922057604	5.409390936137702	4.357552004618084	4.832890014164741	3.584962500721156	3.8579809951275723	4.832890014164741	5.087462841250339	4.754887502163468	4.459431618637297	4.3008607458577774	3.3672096273968415	3.3672096273968415	3.3672096273968415	3.3672096273968415	4.3008607458577774	3.3672096273968415	4.3008607458577774	4.3008607458577774	3.3672096273968415	4.3008607458577774	4.3008607458577774	3.433558508935907	3.433558508935907	3.433558508935907	5.367209627396842	4.367209627396842	4.3008607458577774	4.4007654538770495	4.952172128117998	-1.3939701502492587	-1.0452815325094793	-0.7822471266756854	1.2177528733243146	1.4401452946607622	-0.44287975073020514	-1.1972846259545293	0.6298765917051092	-0.3466644354709021	-0.5598547053392373	-0.49350582380017327	1.1085301902799243	0.9239934956821769	1.3993315052288344	0.15140399178524921	-1.5092286322692696	0.46568038676789936	0.7866020953925617	0.3541220482864187	-0.4927405094807007	0.35012788476469725	0.1301847549069671	0.4122886756871908	0.07085253773152718
61	0.3310512617898926	2.584962500721156	1.0	1.0	3.9068905956085187	4.357552004618084	3.169925001442312	2.0	4.584962500721156	3.584962500721156	2.584962500721156	3.4594316186372973	4.727920454563199	4.044394119358453	4.169925001442312	3.4594316186372973	3.700439718141092	4.20945336562895	4.643856189774724	3.643856189774725	3.9068905956085187	3.79121984688507	2.77637881516771	2.77637881516771	2.77637881516771	2.77637881516771	3.79121984688507	2.77637881516771	3.79121984688507	3.79121984688507	2.77637881516771	3.79121984688507	3.79121984688507	2.7615377834503505	2.7615377834503505	2.7615377834503505	4.7763788151677105	3.77637881516771	3.79121984688507	3.7689773829723334	4.3613413158888665	-1.206257346163914	-1.77637881516771	-1.77637881516771	1.1305117804408087	1.5811731894503738	-0.6212948454427578	-0.77637881516771	0.7937426538360861	-0.2062573461639139	-0.19141631444655394	-0.33178822824777265	0.9367006076781288	1.2828563359081029	1.4083872179919616	0.6978938351869468	-1.0759390970266183	0.4330745504612401	0.8526363428896544	-0.12512119319760862	-0.45445072028034783	0.3739921005939121	0.10428389498090047	0.18988953577295584	0.4226296908425071
31	0.32926541603518356	2.321928094887362	1.584962500721156	0.0	3.321928094887362	4.0	3.0	2.321928094887362	4.584962500721156	3.321928094887362	2.584962500721156	3.4594316186372973	4.392317422778761	3.700439718141092	3.9068905956085187	3.4594316186372973	3.169925001442312	3.9068905956085187	4.247927513443585	3.700439718141092	3.169925001442312	3.5200531346775854	2.493562131730217	2.493562131730217	2.493562131730217	2.493562131730217	3.5200531346775854	2.493562131730217	3.5200531346775854	3.5200531346775854	2.493562131730217	3.5200531346775854	3.5200531346775854	2.4670711287828486	2.4670711287828486	2.4670711287828486	4.493562131730217	3.493562131730217	3.5200531346775854	3.480377433419925	4.078524632451374	-1.1981250397902232	-0.9085996310090607	-2.493562131730217	0.8283659631571454	1.5064378682697832	-0.5200531346775854	-0.1716340368428546	1.0649093660435707	-0.19812503979022322	0.09140036899093928	-0.06062151604028809	0.8722642881011753	1.2333685893582436	1.43981946682567	0.9923604898544487	-1.3236371302879046	0.4133284638783019	0.7278743787659998	0.22006228472116707	-0.9085996310090616	0.3049739459834244	0.19105121125687197	0.05239590322772604	0.8263510555290818
50	0.3228015083357623	3.321928094887362	1.3219280948873624	1.584962500721156	3.9541963103868754	4.807354922057604	3.3923174227787602	2.584962500721156	4.930737337562887	3.4594316186372973	2.169925001442312	3.3923174227787602	5.022367813028454	4.614709844115208	4.491853096329675	3.807354922057604	3.807354922057604	4.754887502163468	4.523561956057013	3.700439718141092	4.044394119358453	4.099303004219055	3.0303715641495517	3.0303715641495517	3.0303715641495517	3.0303715641495517	4.099303004219055	3.0303715641495517	4.099303004219055	4.099303004219055	3.0303715641495517	4.099303004219055	4.099303004219055	2.9614401240800476	2.9614401240800476	2.9614401240800476	5.030371564149552	4.030371564149552	4.099303004219055	3.9963174948270703	4.615334064870708	-0.7773749093316931	-1.7084434692621893	-1.4454090634283956	0.9238247462373237	1.776983357908052	-0.706985581440295	-0.4454090634283956	0.8314343333438314	-0.6398713855817579	-0.8604465627072395	-0.706985581440295	0.9230648088093991	1.6532697200351607	1.5304129722496271	0.8459147979775565	-1.2230166420919475	0.7245159380139166	0.4242589518379578	-0.29587777668597814	-0.5709399455122544	0.310414796874734	0.18285427249044617	0.10931896703827029	0.646385516702507
26	0.3223010968725406	3.169925001442312	1.0	2.0	3.584962500721156	4.459431618637297	3.169925001442312	2.584962500721156	4.392317422778761	3.700439718141092	2.584962500721156	3.0	4.857980995127572	3.9068905956085187	4.392317422778761	3.584962500721156	3.9068905956085187	4.321928094887363	4.392317422778761	3.169925001442312	4.0	3.8432169677197927	2.7709816295672534	2.7709816295672534	2.7709816295672534	2.7709816295672534	3.8432169677197927	2.7709816295672534	3.8432169677197927	3.8432169677197927	2.7709816295672534	3.8432169677197927	3.8432169677197927	2.6987462914147144	2.6987462914147144	2.6987462914147144	4.770981629567253	3.7709816295672534	3.8432169677197927	3.735316013676904	4.355944130288409	-0.6732919662774806	-1.7709816295672534	-0.7709816295672534	0.8139808711539027	1.688449989070044	-0.6732919662774806	-0.18601912884609728	0.549100455058968	-0.14277724957870053	-0.18601912884609728	-0.8432169677197927	1.0147640274077792	1.2081443041938043	1.6935711313640462	0.8862162093064416	-0.8640910339587347	0.5509464653201093	0.549100455058968	-0.565391012234592	-0.35594413028840943	0.35504558874649367	0.12450811231527432	0.21037223138442404	0.37332793938530784
21	0.3153527395411793	2.584962500721156	1.0	2.0	3.807354922057604	4.392317422778761	3.4594316186372973	2.0	4.700439718141092	3.700439718141092	2.0	3.4594316186372973	4.754887502163468	3.700439718141092	3.9068905956085187	3.169925001442312	3.321928094887362	4.087462841250339	4.584962500721156	3.169925001442312	3.4594316186372973	3.7586146185636444	2.6402202013868776	2.6402202013868776	2.6402202013868776	2.6402202013868776	3.7586146185636444	2.6402202013868776	3.7586146185636444	3.7586146185636444	2.6402202013868776	3.7586146185636444	3.7586146185636444	2.5218257842101104	2.5218257842101104	2.5218257842101104	4.640220201386877	3.6402202013868776	3.7586146185636444	3.582237153277543	4.225182702108033	-1.1736521178424884	-1.6402202013868776	-0.6402202013868776	1.1671347206707265	1.752097221391883	-0.2991829999263471	-0.6402202013868776	0.9418250995774473	-0.058174900422552245	-0.6402202013868776	-0.2991829999263471	0.9962728835998238	1.1786139339309818	1.3850648113984083	0.6480992172322018	-1.318292106499515	0.44724263986346147	0.8263478821575116	-0.41231215183523107	-0.765751083470736	0.3588725958475634	0.12021418450414706	0.2161666228474507	0.35999830516459097
17	0.31225995708316817	2.807354922057604	1.0	1.584962500721156	4.169925001442312	4.357552004618084	3.0	2.321928094887362	4.459431618637297	3.807354922057604	3.0	3.169925001442312	4.727920454563199	4.169925001442312	4.169925001442312	3.321928094887362	3.9068905956085187	4.247927513443585	4.523561956057013	3.584962500721156	3.9068905956085187	3.902864079699406	2.763748308323596	2.763748308323596	2.763748308323596	2.763748308323596	3.902864079699406	2.763748308323596	3.902864079699406	3.902864079699406	2.763748308323596	3.902864079699406	3.902864079699406	2.6246325369477863	2.6246325369477863	2.6246325369477863	4.763748308323596	3.763748308323596	3.902864079699406	3.6958666002015232	4.348710809044753	-1.0955091576418017	-1.763748308323596	-1.17878580760244	1.406176693118716	1.5938036962944877	-0.9028640796994059	-0.4418202134362339	0.5565675389378915	-0.09550915764180168	0.23625169167640392	-0.7329390782570937	0.8250563748637929	1.5452924644945258	1.5452924644945258	0.6972955579395759	-0.8568577127150769	0.48417920511998913	0.6206978763576072	-0.11090409948036717	-0.4418202134362339	0.3250205687134986	0.16203798657957466	0.17243726360766554	0.4672373542711359
