Proteome_ID	GC	Length	M	W	C	D	E	F	H	K	N	Q	Y	I	A	G	P	T	V	L	R	S	shannon_entropy
UP000000674	0.5495495495495496	262.0	0.03183225372445343	0.01035555595846142	0.013166667178944963	0.058996797167196045	0.07495579116530326	0.03176995210594053	0.018592930016328398	0.03933119811146403	0.027269630690615033	0.020562381268780044	0.029217461454230396	0.07445134717459155	0.08241940619178442	0.08017769993395275	0.04467331402659297	0.04382619218134565	0.079974895573636	0.09539207447360235	0.0780619199158829	0.06497253168689367	4.10842820149269
UP000001826	0.6083329634616048	257.0	0.018622610388178064	0.011792523370203435	0.014997166446212417	0.05928165305441991	0.10521209088028845	0.027776348732697978	0.018889875398566753	0.03858155011160741	0.018670902707334347	0.013334029693105955	0.0270810603059098	0.04793984043709368	0.08295100027688974	0.08053052143599515	0.05436020569242722	0.04435014224011327	0.10613271033183172	0.09964530672971462	0.08520166537079762	0.044648796396612296	4.02750060128724
UP000001931	0.2916666666666667	261.0	0.02403799968790962	0.007063557994852663	0.012202273330066264	0.06380456707284662	0.07438060945613735	0.03412942408519254	0.017989515454148185	0.08554212302731994	0.06419037839365618	0.025486865422523385	0.04204207059237046	0.10310418375090119	0.05058977828976775	0.060280541241379	0.033559545018834895	0.058775265903575256	0.06420086873168425	0.08613616554834304	0.03168226778789622	0.0608019992105951	4.112031798939032
UP000002518	0.5691481457895519	254.5	0.022008959793343583	0.012802699682480028	0.010230455990624663	0.044128932973174696	0.07944441698629394	0.02808664885333942	0.015064985929821943	0.040819263000186644	0.01850614255189805	0.016246488921129572	0.03459259576286997	0.05635470817880482	0.094440454242077	0.08889587954942994	0.049768943261353366	0.04017643996081354	0.0941318140005622	0.10987075931740943	0.08261041321466339	0.06181899782972384	4.037464708435992
UP000005223	0.5070921985815603	242.0	0.03167885204545962	0.009182804445859703	0.011631302651487275	0.061567195989827704	0.0860876956621267	0.03512197271233424	0.01872356036580882	0.045586566217283214	0.029884806812580607	0.01803620499261469	0.030104548039143652	0.07899968688008784	0.07171656750319222	0.08045407598234035	0.04285819893257403	0.04749673472533108	0.07817069372301594	0.09305042121189872	0.06962956689325751	0.06001854421377588	4.110531972429301
UP000000641	0.5766698592667374	255.0	0.017817669952167714	0.011819107561825568	0.008359756165841536	0.04249542717636113	0.08449931496172108	0.035746273870887225	0.01436465143989672	0.050320615383588875	0.021352749162474982	0.017006511484317973	0.037683575088324615	0.045237067639352216	0.09071469674945547	0.0792954395878076	0.04581869685571056	0.03922654816279489	0.1042554480060061	0.1150169939464254	0.07705785709230001	0.061911599712740316	4.030748787016429
UP000000578	0.3081380824251657	230.0	0.017357806690256453	0.010207082339453104	0.010215630559322867	0.04949867874504819	0.07846901448772317	0.04342518422862758	0.01335381841798092	0.11423352852474382	0.049754360877334515	0.022375525599036557	0.056115649026034824	0.10719215468598288	0.049783153910249636	0.05244389190645174	0.03946876531395036	0.038489271015192346	0.05870697676768292	0.10518590525227951	0.039697341836571025	0.04402625981607761	4.061601266891277
UP000007478	0.4152380952380952	242.0	0.023644304484557795	0.012081279546187979	0.0072602463781129365	0.045620354107247164	0.09177703624951741	0.04481352017075897	0.01617229484225159	0.08859605000537865	0.033079693995514706	0.018637583690155814	0.038954848446119024	0.08790349257916402	0.06630640885323175	0.06824863182232516	0.039104878416595275	0.04127005873668268	0.07641409312963912	0.10297517270600569	0.05130922320455381	0.045830828636000374	4.08448952273163
UP000000536	0.5301102629346904	235.0	0.02319770973256482	0.013265429380185451	0.007246417828677817	0.04735449790368542	0.09460422921908834	0.042049588563529215	0.015723887334814432	0.0702152899951198	0.029742881267595684	0.017256300083546314	0.03636148946175846	0.0702152899951198	0.07272297892351692	0.07553806197862077	0.04269560872643254	0.043568271156881694	0.08475064885123937	0.1052059095093545	0.06043644823780861	0.04784906185046019	4.086524919428206
UP000002199	0.4958949096880131	243.0	0.026519722095806504	0.011034122286699897	0.01161514768949685	0.05028925078908504	0.09408736187033975	0.044159935449396816	0.01493192563752152	0.07315853173626521	0.030341222644339604	0.017143550876443748	0.03592693434743564	0.07282237422721363	0.0752001588849729	0.07200506362982632	0.0373308825212928	0.03993558150897931	0.08728777101248333	0.09400221493652053	0.058610493725408414	0.05359775413047221	4.100148771492864
UP000001015	0.3306836248012718	227.0	0.021036539385960472	0.010498856127655446	0.00906564663101894	0.05003765174141197	0.07839791811431296	0.04197373265911829	0.013453832190074943	0.09032478315899392	0.046992655852521804	0.01944046565264425	0.047244852574449464	0.10060285699958649	0.0514156140374234	0.06057310226861752	0.035910044128550214	0.04416366653698539	0.07231247735533092	0.10157643303506644	0.04278921867166526	0.062189652878612035	4.089251148015064
UP000001975	0.48260232579434115	253.0	0.018485366841310275	0.01126678288914821	0.008889687077275898	0.08202217943299964	0.07914420822482415	0.030809666731927983	0.021707824361339393	0.022288635715489023	0.032947987130600175	0.033560075986892195	0.026980980076644602	0.06117500892758079	0.09423504070886901	0.07186522730695058	0.04373108752006808	0.07689579321843715	0.07801022500421156	0.080820507476893	0.05858727102357112	0.06657644434496719	4.092775124068799
UP000198397	0.6516966067864272	254.0	0.016933015834905616	0.011885923382528045	0.00858982698233124	0.0856284323264854	0.0895732988930728	0.031736426843564994	0.020600765258401047	0.018362684028097334	0.02180024809970792	0.020443788217948393	0.026435933040450464	0.0455165986190909	0.10903353716239136	0.08478990505139879	0.047604666909297176	0.06475408032834326	0.08847997335835758	0.08557864835420252	0.07049582144120134	0.05175642586822371	4.0249478799447065
UP000000805	0.3169014084507042	241.0	0.023115469349180726	0.008026981687517558	0.029459626228545716	0.05505964898724098	0.08861017407408193	0.04012115721789212	0.014110988257236468	0.10702885235309166	0.049774058765595555	0.014343179257862533	0.04161583318651958	0.10644100965802852	0.051449843607177484	0.06043875349742319	0.032185662005979866	0.03853582667173648	0.06739882894591863	0.09268738059042211	0.03698369676529086	0.04261302889325793	4.083279186778004
UP000011554	0.6366925064599483	257.0	0.017074099094025515	0.012201135529346712	0.008699749310703324	0.08847148651920897	0.08991316402515938	0.03174507260793392	0.020331089553101325	0.016329122239355284	0.024241096766871778	0.025004606503885623	0.02669202963264318	0.04463696903370099	0.1057457611930936	0.08230478079945254	0.0463204214532094	0.06931365290737214	0.08302875834833341	0.0858361881820236	0.06483296608195642	0.05727785021862292	4.0373653542595855
UP000001686	0.4964835751802724	262.0	0.02662223131035917	0.011325877921561539	0.008201364806900938	0.050690055379724534	0.08703790759035464	0.03698069949293534	0.01374282751426652	0.05695027721912052	0.026575030153977837	0.014810231593044513	0.033282629543641834	0.08201364806900988	0.06797223685719482	0.07794289765390577	0.04374061230347193	0.03524150818014878	0.07329508007608812	0.10839170541032782	0.07318535690232156	0.07199782202164409	4.070061063704684
UP000001974	0.3591954022988505	250.0	0.02219603607750261	0.010652445799227469	0.00832050046195213	0.050122369852692715	0.07362013549007919	0.04198050319626519	0.013236344492500671	0.08426047342749064	0.04779579039788472	0.020258883505911908	0.04663583336804053	0.09462307664857152	0.05162608986020091	0.06236522409710414	0.03568841798904699	0.045035413285399714	0.07489451084169839	0.10332661242327207	0.04845620726688375	0.06490513151827482	4.099388913459663
UP000000590	0.3392259274139547	251.0	0.026050420927905642	0.0074513151688252455	0.014665126820364425	0.05746663232296599	0.08486220053384314	0.03952486052261183	0.015075454690495985	0.09400120674518012	0.05479421277742243	0.0178657264281775	0.037311831107509845	0.09543271175373493	0.054857490662918174	0.06632710186961766	0.033206948034982094	0.04827871161763257	0.07146290571271	0.090369344938065	0.029871494587912762	0.06112430277712472	4.094623606161694
UP000001013	0.4072344677853025	253.5	0.022434664155665508	0.011982750031378988	0.007275241090480083	0.04432426139003947	0.09259397751520158	0.04305830744542271	0.015432329585866881	0.0848778127222681	0.03395112508890722	0.016835268639127553	0.039130160232266314	0.08845161536320574	0.06326296600417498	0.07116393031736011	0.04201413500330065	0.04303663743664293	0.07951547856237111	0.0998562502614919	0.052943586153493906	0.04785950300133422	4.083217034703067
UP000002698	0.6410256410256411	246.5	0.016899187158757076	0.011459957716661646	0.008914232581148224	0.09093407412281218	0.09066099882514597	0.031245311411292085	0.020130320462820206	0.01789361818917356	0.02132270878291759	0.02457677678994916	0.0264918503060491	0.040323060523974816	0.11405037791501998	0.0848039684466232	0.04599644652199443	0.063424606320953	0.0894680909458678	0.08529083513167049	0.06400004750059833	0.05211353034657118	4.017668166918035
UP000001024	0.4711310404243283	267.5	0.03233595957157787	0.008855078692791203	0.007535007113996473	0.06205887822005059	0.06530339498796946	0.043715495818392756	0.016406870328863284	0.0601908852301493	0.040689038415581	0.020177337190378505	0.04355095854878694	0.09063840327184612	0.06731642384930679	0.07120581722726675	0.03856345786324512	0.04582098920673531	0.07233096558074498	0.08188230147851253	0.05752170609345522	0.07390103131035004	4.13352336994593
UP000002439	0.5181441600072239	210.0	0.02037510097206967	0.015454662179445456	0.01271256644270756	0.04375780597218136	0.07354822287737488	0.03528164044477937	0.016323236201583047	0.05838494128833993	0.025606223575482204	0.020804110862342177	0.042251580245921995	0.06263427852514644	0.09522489957417614	0.07470373063860487	0.04836472564723187	0.04185688648412295	0.09273122250846992	0.10482174121621379	0.06713512325473842	0.04802730108906803	4.100024650068606
UP000053352	0.6348983770605435	248.0	0.02148760012581764	0.012549110729217296	0.010810186772217449	0.04070566567714529	0.0825534637186746	0.02319684104491682	0.017447196683356165	0.03181281057588589	0.016576860885926643	0.017559161160970574	0.0351952071026324	0.04747260492913211	0.10702019699912009	0.08748522908368639	0.05384220903086199	0.03678057679194019	0.09228696187141211	0.11727807766575278	0.09598692846172487	0.0519531106896086	4.000032935944713
UP000001018	0.3702830188679245	249.0	0.021944464875632817	0.010138342772542384	0.007565927442195728	0.05259605373948643	0.07533879214861418	0.03986015107153414	0.013081732609732095	0.08310117026674074	0.04580576553859504	0.02141903402649791	0.044564144055131295	0.0917786819409099	0.05137673702301876	0.0646784227913389	0.03669988333951991	0.04629380261434878	0.0784514619303874	0.10034537215144332	0.04812980494928066	0.06683025471304976	4.098277895105633
UP000000365	0.5142857142857142	262.0	0.028782837545210587	0.009689814723378893	0.014737366339254458	0.05740397375589752	0.07028190225986608	0.03812651988264831	0.019046975756863156	0.055532105046466135	0.034558527763471444	0.024451255638982237	0.032749702976121016	0.07573574527442663	0.08488952623429052	0.07805345875975522	0.04442568403717291	0.05778484222699388	0.0758822581829099	0.09053841936689667	0.04819767607806495	0.05913140815132964	4.144664612149711
UP000002487	0.4530981327388513	254.0	0.025854097226085056	0.011088768030137915	0.013034894489034062	0.052037530567203234	0.08235935219814246	0.04356660183734034	0.017128710504355	0.07186479233017008	0.04049742476130298	0.02536329836824838	0.03540172338582764	0.07538290258675232	0.06642519494858537	0.07173532184103482	0.04015800988465892	0.05033489200567696	0.06876583520180655	0.09585386979898075	0.04695564911139398	0.0661911309232632	4.144750670793226
UP000008243	0.6722488038277512	252.0	0.01746246461643081	0.012336386293543023	0.00829112141137856	0.08965344471204957	0.08354358778075517	0.03311064719479097	0.0202342843968167	0.01868757993507051	0.022528304997428288	0.022519418092103838	0.02628370962885468	0.03694956281157839	0.11024950633508798	0.0849839944666303	0.045873713276104934	0.060536544003627075	0.09369151720529567	0.08860341501461287	0.06680732442591325	0.05765347340192737	4.022794417037006
UP000001137	0.43756032701064534	279.0	0.026765348152115568	0.011979795533900505	0.008417256536125968	0.04871543507125705	0.06304234895333001	0.03129486860862738	0.014740336663483938	0.05398054464762478	0.04487131896089962	0.01729791113922144	0.042108541360334685	0.08058856192249006	0.06885988722738474	0.07469204968699754	0.04288905185820922	0.04662238611200827	0.09180323689229188	0.10509470801404736	0.060080865894200364	0.06615554676544946	4.106140496590834
UP000001400	0.3940435280641466	253.0	0.02926490761184025	0.011664459506806472	0.007929725976694673	0.052660377333395805	0.08578415666371496	0.04002906365615197	0.017984999943396016	0.08823131480394947	0.04047893910495363	0.017726055442589515	0.04360536123094596	0.09426885573287287	0.061590637729098084	0.06952584243001522	0.03752857911188125	0.039887225518843036	0.07006388518268304	0.0912152964524891	0.049479750554284704	0.05108056601339395	4.110556399704187
UP000002071	0.6416637698325844	254.0	0.017448463229248586	0.012372546653467228	0.007317097483233312	0.08892066197410212	0.09006486166862182	0.031848209014385176	0.01994922017415721	0.0170122516485174	0.02203025393333193	0.026093708303831738	0.02617269484387298	0.04503243083431091	0.10608763668457519	0.08359468482461166	0.04572684056405032	0.06491724496155803	0.08901759583526582	0.0877194225626682	0.0637959436819405	0.05487823112424984	4.0280325423449455
UP000000554	0.6799242424242424	240.0	0.017001118499959254	0.011678229709324264	0.008932391670927749	0.09506804312416238	0.06993641928392327	0.029875751927112882	0.022794092211056476	0.01648427987254082	0.021670439778117015	0.02590237751256415	0.025643353737438566	0.03599067191219446	0.12560009993847457	0.08410149351522397	0.04644833884517171	0.06787946577557268	0.09447551376951047	0.08248910992462753	0.06587283528883298	0.05215597370326483	4.00931946348061
UP000002408	0.5590717299578059	251.0	0.024832192635708728	0.010540033846293853	0.014107754975765134	0.054466625536848126	0.06453488440061489	0.037835688066345075	0.02020123670146008	0.048023029212176375	0.031045190601810987	0.028100557360206363	0.02952424466454639	0.07216682604054317	0.0934687938870266	0.08017757920641622	0.04887494692979314	0.05842251960635473	0.07698489461373935	0.09147243659462158	0.05830438234974253	0.05691618276998675	4.137602438230876
UP000001169	0.6238695148629521	241.0	0.01886530381401965	0.012612913418995146	0.008845419800334256	0.0875696560233097	0.08441566417501253	0.03167894533142977	0.020849918100788005	0.019398341524150885	0.024252723725545686	0.03015929112733911	0.027191172943287826	0.04256858278910882	0.10319656433723365	0.08162954240887975	0.04555109495904635	0.06765867463169624	0.08658016838462824	0.08646803748255145	0.06199962453717171	0.058508360485471186	4.0573710291924305
UP000002613	0.4462809917355372	229.0	0.022169907692547043	0.010926597362755317	0.011025035176834197	0.04856265494557924	0.100722543590831	0.04532514461587392	0.014516950232842137	0.09031578631945357	0.03237510329705279	0.014568796483673688	0.03742443133420784	0.07811803948646412	0.06699519550886479	0.06650972307764112	0.034570025554480084	0.03750576578529871	0.08753783294911277	0.09403849070986878	0.05342952363990689	0.053362452236712044	4.074838625998432
UP000000740	0.6658053402239449	249.0	0.016324954732378657	0.012195129874485304	0.00869601790710323	0.09270505967934524	0.08852760945922664	0.031434378088023476	0.019668305461569904	0.018292694811727905	0.02322463313020318	0.022391058130202472	0.02660755608978605	0.04169032771044972	0.10975616887036772	0.08489427426437278	0.04656322315712567	0.06236465988842277	0.0884701239985388	0.08494949005251222	0.06680810279065862	0.05443623190349955	4.02353824061166
UP000000254	0.35968567251461986	248.0	0.022489763499560753	0.0113895091991275	0.008182182822428915	0.04772994427847168	0.07177353353007818	0.03353353615749551	0.01755865566631604	0.08019037815171949	0.040021546414054476	0.017046214213393505	0.050135924157039866	0.10552418322576966	0.05528501907046559	0.06378801142119737	0.042615535533483864	0.04495704847488409	0.07305520377168671	0.10383718805303745	0.05597264368576985	0.05491397867401953	4.096200960533557
UP000007722	0.31228817911060897	257.0	0.026510353735741912	0.0070985342929807665	0.015217719065457803	0.058408990751106164	0.0815439804341275	0.03592152931193033	0.014937486277990922	0.09801237855521724	0.06754945833511446	0.02027317350937858	0.04117080723430404	0.09881139347836534	0.04994303693003868	0.06206416779558122	0.031171616864014373	0.04872298695447641	0.06440555951078955	0.0902267612230589	0.027990802061244335	0.06001926367908149	4.092226508270804
UP000001059	0.4343496312821466	255.0	0.03022658212828025	0.009199415238782057	0.013281376995759422	0.06319846244611402	0.07974123465686793	0.03599784420930658	0.019819109082819416	0.06391662679209265	0.04206129143769668	0.026774608048777508	0.033218850119324225	0.08134843409902696	0.06986291447620917	0.0729291819475417	0.038538965591515005	0.051293593914657404	0.07275342217408663	0.08750083667794502	0.04525070923333986	0.06308654072985759	4.14915954841895
UP000001879	0.625	259.0	0.017052906739427925	0.012468240644208121	0.009028009450285401	0.08968062508384436	0.09451008554381769	0.030772162537313658	0.021616360655612864	0.016911973625878988	0.02422817350956975	0.0274064572597949	0.027103957731541114	0.044701794365490835	0.10160016422562247	0.0812043178067999	0.04562364436061625	0.06735630875134557	0.08371426944810104	0.08606139849804773	0.060186729668569375	0.058772420094112064	4.044540583675953
UP000002376	0.4645161290322581	248.0	0.021756952506327962	0.011197844363348605	0.008760881001452843	0.04359160841446418	0.07739089899669373	0.03744064526395697	0.016274200474733318	0.06699708279268955	0.03281088805389778	0.018775071141483097	0.041096465845286145	0.07553001457951719	0.06489902378770172	0.07187146907044283	0.04480782069034499	0.046559112273664806	0.09035941398062267	0.10946173043024907	0.05731847674480719	0.06310039958831538	4.097398897458386
UP000000663	0.5689300411522634	252.0	0.029783933723929533	0.010224335457468346	0.013006907765513467	0.05781587134645141	0.0650933936138369	0.03543261080950233	0.017777607499577283	0.05687429055398368	0.03274042714505489	0.027040676670409703	0.03520499232464476	0.07113778016369322	0.08634837928366122	0.0783330812963438	0.04472224488110786	0.054081353340819406	0.07734215047665566	0.09025739375123239	0.05669217729520377	0.06009039260091038	4.1456314588535035
UP000000391	0.374788821478208	252.0	0.025545423030307487	0.009505273685695759	0.012164487157289275	0.06608720848125887	0.07529177314195881	0.036822231395037784	0.019159067272730614	0.07739716382738446	0.05654322884178728	0.027127882864043266	0.03831813454546123	0.08539228508744892	0.05377983795854205	0.06619056979512863	0.0358532253056947	0.053117705890653	0.07072757262743101	0.08453766646586583	0.03831813454546123	0.0681211280808199	4.144842772636951
UP000001941	0.4654919236417034	263.0	0.027692260899547346	0.010766518248160262	0.013846130449773673	0.059112326150956795	0.06937488277438687	0.03903290107745725	0.022436795327370498	0.05072344818233924	0.033593890271582015	0.03099945766302825	0.033145203838768865	0.08628325501332648	0.06872408650070595	0.07381317158629104	0.0458782232813396	0.056106618466657404	0.06698646010227459	0.09203116646256759	0.053585183135257224	0.06586802056820902	4.161740735442402
UP000000262	0.5648501554990104	240.0	0.021462974979629828	0.013466042315860535	0.01258631248805449	0.04432570919706173	0.09154615858658463	0.034656928437362726	0.01404582303613942	0.07551787492832734	0.02444337252320843	0.01496317971916467	0.0349539878239686	0.04844690116786284	0.08403696978409077	0.07369816709872913	0.049529720111139944	0.03998005143264392	0.09924251705182847	0.11001704800709569	0.05962278452655672	0.053457476784690254	4.062893851128828
UP000001746	0.6697247706422018	250.0	0.01662241127857453	0.012169979686099218	0.008889376466368084	0.09140950175792269	0.08599750787442202	0.030392057378258567	0.020208835431053836	0.015890336170450797	0.020660116322761015	0.02621226393929059	0.026045306844135887	0.037862159023419766	0.11002098227433196	0.08411150517228067	0.046467195165106064	0.06511326711033971	0.09293439033021222	0.08712599093457395	0.06721671938206589	0.054650097458332304	4.01662095265788
UP000002593	0.5368193210298473	241.0	0.020782764406267033	0.012428369135150556	0.01189537864592383	0.04218711608273501	0.07971406790897947	0.02574822466396176	0.01778067961934416	0.044478783007070394	0.020850783298492968	0.019748638334494927	0.03823514564761242	0.061639689347060045	0.09686236897395147	0.07621740282615176	0.05001909217507326	0.042067214161365704	0.0938819883901376	0.11159000267496443	0.08215763607957725	0.051714654621685924	4.057939901856873
UP000000242	0.4682093811307294	245.0	0.0262133693217637	0.010871617223167613	0.008131969682929376	0.05054401046019634	0.07529601558267932	0.03926380211714818	0.014316848033326343	0.06569813926962689	0.03630343608450612	0.022455146602978867	0.037787963210638285	0.07198981659817082	0.058085497735209775	0.07437777149020762	0.04148964123943554	0.047940138039128596	0.08744053422504695	0.10379539392137138	0.059022360601906694	0.0689765285605616	4.112953882007999
UP000009079	0.3994708994708995	241.0	0.024884262387098722	0.011874595384720767	0.007050541009677934	0.04579188654090843	0.09274173174268723	0.04452973269270301	0.016712393504421837	0.08727091579130242	0.03509025018641573	0.019053472755376333	0.037602885384949186	0.08702382046231105	0.06381746833902806	0.07041527112272301	0.04019094635818144	0.04382494555655944	0.07564815765678018	0.10130267348716916	0.047777783783229534	0.04739626585375655	4.090904123381247
UP000002654	0.5543478260869565	236.0	0.021013723586229206	0.012739569924151475	0.011199621911341863	0.04792027444601275	0.07186424059777753	0.03305401926266325	0.014319167201740738	0.04931446422252178	0.023701525440281736	0.020062314841183385	0.04053499521320916	0.06114993563592707	0.09789853304652257	0.07857574523120503	0.04878984226270776	0.03996727819341639	0.08901403919880224	0.10900166780022649	0.07513832361621418	0.05474071836786546	4.076423120400148
UP000008680	0.3617693522906793	257.0	0.025242360190546976	0.007578894910151895	0.012418430214224903	0.07124529762012964	0.08494127544309797	0.04355195948369022	0.015617116784555556	0.07822502246549724	0.05562668264213134	0.021548356260223032	0.038895460670968614	0.0938300141593816	0.05880001688681674	0.06442060673629188	0.031760701652626074	0.04560750919383489	0.06342952047881044	0.08962867024179738	0.03404812848524733	0.06358397547997631	4.111066337677831
UP000006681	0.4599206349206349	251.0	0.02679349577888694	0.012389227107813513	0.0102326918552533	0.05239208437037921	0.06337050868865375	0.033327425191414184	0.014755838255039186	0.04860867911479241	0.04242303498323761	0.017729707195670106	0.04242303498323761	0.08445507425234405	0.06688595296627253	0.07328861164469377	0.041939687520676616	0.04548992336836016	0.09101062270326596	0.10456704839111555	0.06876508373266504	0.05915226789622859	4.1118574942105415
UP000002457	0.5690376569037657	256.0	0.026192264978288922	0.011184138263884686	0.021425332319304047	0.056937431161595185	0.06480547595085519	0.03585165703919467	0.020968043686490755	0.038302667065024706	0.029124989628367657	0.03312225562765871	0.02830680226345597	0.0707445333469109	0.08387217474596313	0.08104061491583273	0.047009541894388655	0.06035214232964231	0.07828896784719341	0.09541467956376701	0.05931123307354229	0.05774505429863906	4.152752186041273
UP000001304	0.3553719008264462	246.0	0.023952608754825914	0.011065063826957659	0.009980253647844115	0.05357820379368971	0.07006774511422145	0.03510296110621046	0.01505154439655559	0.06215362670890615	0.03833419601975283	0.017042515375607768	0.04680394814161394	0.11591663944853746	0.05804646985928127	0.060757144896171206	0.03803580826576102	0.04241607800333764	0.07462823142601427	0.09837678595732098	0.06398768338789226	0.0647024918694982	4.0941480463594795
UP000000346	0.5735449735449736	265.0	0.025310845596741623	0.011874223860199769	0.009310692278186157	0.0500067705082209	0.0688302467828531	0.030425357509297375	0.013271191373164489	0.045629040002116115	0.026717003685449554	0.021298870070917755	0.037143151465137164	0.05712382373666449	0.09237916111208348	0.08075821568556342	0.04788896887014543	0.04177967654514747	0.09323689041248721	0.10643709532751677	0.0680611937461732	0.0725175814319345	4.077917802390548
UP000009227	0.3333333333333333	255.0	0.023581612521920547	0.00786053750730678	0.015586080198068461	0.05593818937803624	0.08984169476932442	0.038116547738125874	0.015370910614899971	0.10667872331345045	0.05066530612686822	0.014911763915155668	0.04033696878749579	0.1043909277263284	0.05109349379749469	0.06423182077399327	0.03416673018496349	0.041879912948766085	0.07299070542499238	0.09095176906360307	0.03731547299817021	0.04409083221103602	4.0709025021146426
UP000000792	0.3437826541274817	225.0	0.026627176936105664	0.009819831494270792	0.01093413861418806	0.06085711360265203	0.07470784753424994	0.0432168330600998	0.018103200863414288	0.09035683777878505	0.04802845933334951	0.031746997057410874	0.030911549766426454	0.08565075247780664	0.05835682313405682	0.0632497864451495	0.037239457599046365	0.05481648158579624	0.06686950313929965	0.08565075247780664	0.032937475485549636	0.06991898161453602	4.135198146933818
UP000006565	0.487719298245614	257.0	0.027916247736722334	0.010362849538631811	0.013770766501000654	0.06149533081477557	0.07849323999882085	0.04103688417298198	0.01568291112117866	0.05947374517823473	0.03915110689509029	0.020725699077263623	0.034693018020636894	0.08448770270908046	0.07048319800703003	0.07944851312951051	0.04088819981003637	0.0506628199666444	0.07199453363681045	0.08601481057599114	0.04572354782504946	0.0674948752845098	4.137066638329113
UP000000758	0.5795832395809895	213.0	0.031301928311713266	0.011735009415623806	0.015635604358961844	0.058839887522032994	0.06627939444295805	0.03381422407121117	0.022700046091693266	0.048036904024891934	0.0277210542653701	0.02451501885874904	0.030473698940450204	0.06068328479457177	0.08994031655536065	0.09217678709954708	0.04837156776911262	0.04939303408181884	0.06987149532995905	0.0831952505570797	0.06934871505410932	0.06596677845478528	4.146105786519666
UP000001901	0.4216695843201867	220.5	0.02275167646859406	0.010867502194163296	0.013165784732003286	0.05392369838726725	0.08931628132776752	0.04398998495819221	0.015384716961616732	0.08756101767868733	0.033894616280485096	0.015716080096174565	0.037487897477113834	0.08305245579279279	0.062289341844594594	0.06511841952199852	0.035414697458178636	0.03940261303918875	0.08797567485829437	0.0972900196429859	0.05675251145840841	0.04864500982149295	4.092946389262599
UP000012076	0.5974973250867716	246.5	0.034307334528791665	0.009971235356228202	0.016770123887928656	0.06927275932423514	0.07039085964443963	0.03724678388005112	0.01646983048051366	0.0602208782041242	0.03372972662983425	0.022592611589947343	0.033118680857554664	0.06770930308655615	0.08337339559165498	0.08046567001403462	0.03944231247760549	0.050781977314917175	0.07840024567917031	0.07956623173765814	0.056043895480397316	0.0601261442343573	4.1502347137045525
UP000002315	0.3128834355828221	261.0	0.02347942926329606	0.007856578253487446	0.01223179847848358	0.05147413338491829	0.077034990052566	0.035982702570173254	0.01721385122955129	0.11316151063972107	0.04699747600893308	0.015713156506974996	0.03504650103271395	0.10213551729533804	0.05781255695962524	0.0671598373411347	0.04005314403738746	0.04386187859308993	0.07260818765071421	0.08761060174317933	0.039918975095135804	0.052647173863576285	4.076016656510963
UP000005877	0.6342380574382773	261.0	0.026081954898998592	0.011979983521328211	0.011246961698562027	0.057893014384265	0.08504330062448527	0.034671799155195485	0.015471637009956605	0.04036898438090318	0.023324664886222448	0.019799715530426778	0.02740821155769759	0.060369720881987575	0.09353488266243858	0.09122535599944781	0.04771920601036035	0.043804858444856744	0.07929471471433377	0.0968193636786593	0.07386643552121391	0.06007523443866075	4.0797073640969606
UP000006794	0.6666666666666666	255.0	0.016465255881574627	0.012152926960209854	0.00844547637119863	0.09114695220157386	0.098394782135675	0.030748369417398395	0.01943440581966749	0.016346621602017646	0.022812198092907892	0.023740601503665696	0.027590428774530464	0.04224189784790177	0.10665553809855816	0.08166766917261026	0.04668825957378624	0.06277045769739453	0.08551588395037722	0.0870721472796212	0.06604663945989296	0.05406348815943825	4.020563567692973
UP000006663	0.6125376315731645	252.5	0.01822092291329675	0.012237471350590622	0.008522120138271137	0.08456118921088013	0.08719745572042163	0.03339083459111162	0.020823911900910614	0.021417926356323676	0.02566972787785209	0.02583219450999038	0.027313964749569174	0.041837563318002674	0.10135379858362506	0.08055565919562796	0.04451908423530924	0.06565271454429156	0.09029837903934697	0.08587286442306212	0.06413764865480472	0.06058456868671189	4.055928143763268
UP000006622	0.4028928449161246	264.0	0.029632627044002983	0.009319596029703036	0.012560331627704893	0.06407618082984173	0.07536198976622976	0.0364437084839678	0.019948761996943194	0.06676049725384499	0.04385288197603884	0.026425632775171425	0.03419787770904541	0.09125303698780474	0.0640576913012953	0.0697505582022445	0.03751102670934031	0.04955752622163251	0.06916255152070294	0.084690680994042	0.04664556009699891	0.06879128247344465	4.147793524448967
UP000192315	0.3703703703703703	270.0	0.031215771672175506	0.008209141259369444	0.007627914130418841	0.0647561220858961	0.0607492562482458	0.04481391039590719	0.01491930263743678	0.07394708749975072	0.06492880507812519	0.014208859654701709	0.05202628612029254	0.11174341453662842	0.05268708141980349	0.06387671795880366	0.033081931935186056	0.04172089332164681	0.056995088727286786	0.08420855401683722	0.0461142081520775	0.0721696531494102	4.101195281712368
UP000007807	0.5297372060857538	252.0	0.02934106535399181	0.01178403841803321	0.01363054016444863	0.05895784077520771	0.07491929040388041	0.035086178279005	0.01752498021143394	0.05359059289655559	0.0330713336248029	0.02959372947044222	0.030545433048316396	0.07292298251159475	0.08362751131105751	0.07689085067766682	0.042131972974064014	0.044038287902443775	0.0660007301954221	0.09822384118504342	0.06145129064139277	0.06666750995519713	4.140700607614288
UP000014070	0.4200509666194514	259.0	0.030664579173505804	0.009710450071610153	0.01644511705675915	0.0635593095596302	0.07244120388756967	0.036292340521578544	0.016660085907174268	0.07017530440519994	0.04186416670939766	0.02346353521487393	0.03441680957340405	0.08139641971790877	0.07277426827441874	0.07020531963849515	0.03707626390978424	0.050057746493184216	0.0716904321693095	0.0868545811960687	0.04288025849379256	0.07137180802633479	4.147202667083046
UP000011511	0.6602564102564102	240.0	0.016843392327818275	0.012613488039209161	0.009068931705347314	0.09133545945047696	0.08965452076475511	0.030609902569741654	0.020540379333599017	0.01614673210165755	0.021534705295788572	0.022306697502457614	0.02719142695173466	0.04264394556037131	0.10856190141505283	0.0833249615175731	0.04639285435052948	0.06558349699544382	0.08629830912847916	0.08675303515865947	0.06831484533655399	0.05428101449475096	4.023443300504558
UP000007490	0.3783231083844581	243.0	0.028843974292408973	0.008982114801583506	0.011252319641544084	0.05971642705135106	0.07795987345479718	0.03938311874540455	0.017756550648217063	0.0787662374908092	0.052010721898692984	0.024128685416919465	0.034006087772784764	0.0890400945548278	0.0591621961597633	0.06897147220697795	0.036417026120227645	0.05322043073703319	0.07379899728868605	0.08952665244857001	0.034132036246017294	0.06292498302338387	4.128382397909761
UP000058290	0.5587529976019184	266.0	0.03287154424689076	0.00999037129072166	0.016481346175612428	0.06645768728175745	0.07091761389741184	0.03774140265383754	0.01707851181542366	0.06517821448501329	0.03652393805210084	0.023291837066368278	0.03541845292276195	0.06909790998803053	0.07885257340176771	0.07690700918140483	0.0385195759044321	0.05287356881221576	0.07538652621927242	0.08318513237988681	0.05103320520397742	0.062193579021112576	4.156620339467603
UP000012672	0.5721583652618135	255.0	0.03674759758073678	0.009765551528052514	0.01747308973986179	0.07163508959871637	0.07008203614870274	0.03588713942466083	0.016776657475089028	0.0615326015153925	0.03246819132578456	0.021422333440477746	0.03390330534259684	0.06573036790044913	0.07990051765491864	0.08128931689771997	0.03887915148285562	0.050693729891649046	0.07892323821434111	0.07800546301309605	0.05747433777459026	0.06141028405030825	4.151414578953231
