	AAA	AAC	AAG	AAT	ACA	ACC	ACG	ACT	AGA	AGC	AGG	AGT	ATA	ATC	ATG	ATT	CAA	CAC	CAG	CAT	CCA	CCC	CCG	CCT	CGA	CGC	CGG	CGT	CTA	CTC	CTG	CTT	GAA	GAC	GAG	GAT	GCA	GCC	GCG	GCT	GGA	GGC	GGG	GGT	GTA	GTC	GTG	GTT	TAA	TAC	TAG	TAT	TCA	TCC	TCG	TCT	TGA	TGC	TGG	TGT	TTA	TTC	TTG	TTT
AAA	3.857621745751163	1.426707311991598	2.0762593276610586	2.445641258088505	2.254292141333888	0.7977842309735277	0.5875253080271049	1.9536106802970676	2.871904985256149	0.6915144626824602	1.632549948851958	1.8661979400528945	2.9735922897196216	1.2392976738170378	1.7543013120184503	2.562328399206847	2.343522913038488	0.872406174770309	0.7089429092854306	2.1192238154368277	1.6308490388056804	0.2601859452811056	-0.03235347602040351	1.223212086957875	1.8181469313324965	0.026239005300273833	0.19740599744078732	1.4514474056609405	2.4091885174008953	0.6778257012240388	0.6220631566645587	2.1416372471698173	2.323510919400427	0.7349786751241397	0.763090396351352	1.7043174740118412	1.9395011498464358	0.34818520598164326	-0.004760072323677454	1.5809459782686566	1.9662172485266713	0.23857850626204033	0.7379970150107906	1.4457866542318374	2.4229239637149904	0.8257601087325936	0.8179355670653715	2.060019432269882	3.678186356377791	1.214003524751057	3.109706209157192	2.4641562777618105	2.0361152696665084	0.627220849679251	0.4808923363882895	1.5124588722642556	2.1798760000095587	1.0569732084195196	1.661107198264194	2.368813971445237	3.123290031292707	1.2298852416161108	2.252264394978378	2.403205209726898
AAC	0.3832935350558714	1.9624970288712364	0.6076589745813904	0.6693029291763706	0.6797944676829136	1.422231243849639	1.0723878603753279	0.6382998852097342	0.28572226328555833	1.1030652005372554	0.3939762667214491	0.4840364768743523	0.5415462632047561	1.387831665090291	0.7748971609338133	0.5614353584867957	0.36143527298786493	0.9900151629822099	0.4532206913580145	0.3746228377856708	0.2791908517386064	0.6236187667504547	0.3437250710784515	0.2532310795926206	0.2434839293634924	0.5684789331891482	0.20329038450544884	0.20180143427133068	0.5425720067120892	0.976013169563051	0.7775968384463265	0.4253106924969069	0.184385395058155	0.8860207036362926	0.31504696736069204	0.33137367708987314	0.21477613190597528	0.6376916594498373	0.2392292536065353	0.20207626649034569	0.18872623816357761	0.6090602323509737	0.12555876015094178	0.21875732328647468	0.33472534728753567	0.997857815719061	0.6297924614596108	0.3105663380456249	0.1412494152048269	1.3898612401753543	0.11487239223747732	0.48088323754798795	0.3466492583445942	0.801149048587927	0.6579451746693059	0.26483122520012947	-0.18958705707316023	0.8807802914698255	0.6785177306895352	0.33162471610141	0.3163253222686921	1.2076054485383076	0.5706346204585668	0.4905267560466497
AAG	2.3456980643375775	2.1384119080040027	3.9735402289206605	1.3536020410555591	1.5918855545410102	1.815833261834076	2.1942498437262663	1.5245016002389857	2.1823590663153514	1.7769915683638164	3.0684823731430027	1.4341597982008163	1.741835705070433	2.4051323482740616	2.4776126668661034	1.9144830650314564	1.4762574455439537	1.9633806995890948	1.9315406055853244	1.6135240461289078	1.3696191756399647	1.363321607566245	1.3989059054424025	1.2499725741260779	2.1489814808153342	1.817294105667568	2.157106192753518	2.0985700579104765	2.0370169084910232	1.9213058264964231	2.3296165407748637	1.9838360145410858	1.5270594536410893	1.6985836923667412	2.060418474810315	1.3369571667453923	1.837269276480355	1.652553730340977	1.674329865529371	1.7671321568562954	1.6550851035024008	1.5638073471406952	1.9177364197070121	1.4687402608901523	1.6053899706521622	1.9519425801379582	2.2313506589315852	1.6760652407089203	1.0533635983597578	2.3584089563321284	2.0681980615024895	1.7237981634598525	1.2731917334269773	1.4222135711684372	1.817668838572448	1.209791004620562	1.2164077013251333	2.03641648321771	2.5743869516855384	1.7303495187658489	1.4195025836351847	2.3759055859867733	2.4838286800026674	1.8197200274708225
AAT	1.4612477756160644	0.9949195052927224	0.4328332338734794	3.079727942867498	1.4940442892319745	0.32314780330315473	0.2401259326551162	1.582532962028062	1.0720005377837447	0.2669629276590736	0.3141014830679768	1.7107443191206864	2.1015687440755184	0.5439223132175114	0.9701832303348417	1.9063466363485488	1.3484518140764061	0.053617537402577395	0.03368828062728907	1.585552392437169	0.8838607130453787	-0.32524624714437794	-0.3018684507482307	0.7399697627155638	0.4941437393318337	-0.5212733912699861	-0.45371288291548245	0.5811518961903874	1.2734054520506577	-0.016958118282671145	-0.01921449943906	1.255697960444435	1.0884746482870957	0.15549703272851326	0.01847712603620825	1.4441424144381212	0.7608122576490238	-0.29497032238294635	-0.40974463059110666	0.7153680037569096	0.7960309627207811	-0.2659750726286877	-0.019435950424153567	0.9369353685047471	1.5314339963710337	0.195144317683168	0.25364631972209534	1.4012013577944666	2.383118426560861	0.5165759162354018	1.6356038128810306	1.9735070123751586	1.5212843733718833	0.13849995434653362	0.25532019931490285	1.2194765949529858	0.35142455059692457	0.25391983207130653	0.6220789279626419	1.4017422108014554	2.200653433319974	0.5408320317298556	1.4921894399137707	1.7025174047902465
ACA	0.3625517591881634	0.12792414358832666	-0.1430265333237987	0.49709005770206066	2.042226289898083	0.2838368491104261	0.2380310750460588	0.8335729585261673	0.5187774540576112	-0.09187083509226567	-0.01930763575489341	0.44906361429953284	0.6983164195243642	-0.16058702209295944	0.14592461403167983	0.26133307124767474	0.326375645344827	-0.3241686047018178	-0.2003696806930544	0.10929052958966745	0.8466434012060663	-0.19538109399659503	-0.3310677735757148	0.27489763870637024	-0.11372447581565685	-0.6860865777511445	-0.5807271134373211	-0.28586612186832466	0.37534071602451174	-0.39950286591237044	-0.2827884764669223	0.07854322510044198	0.24638639817949964	-0.2859665618595645	-0.24298983339093796	0.09006024583970626	0.6371377237688021	-0.4096189480459599	-0.48474587879902453	0.05827262844711824	0.30344098231925126	-0.45214500627000526	-0.274089466498823	0.02068367389674823	0.5196870928749442	-0.30537094268114107	-0.1905186655247315	0.13402820970363602	0.4679601244735938	-0.22118035969712652	0.6065807131041466	0.23312111531444538	1.0093874029696055	-0.07738546655685309	-0.13694531404856342	0.3771344095892351	0.8368004337060071	-0.29240333392573115	-0.0025306592016919663	0.17478140292954394	0.5398222026754185	-0.265739641606441	0.1560669594747648	0.15327763124456223
ACC	-0.43666344162565596	0.5707233335001208	-0.13342129428944147	-0.36565337258317443	0.1283657686136191	1.7037918019344478	0.567501314152874	0.1470916322116222	-0.5003139576631996	0.43814155006480865	-0.26415103939357815	-0.35509022534024554	-0.4773723964394582	0.49602533002291443	-0.12323286197640823	-0.43045652443949206	-0.4465607172760466	0.24301383010745675	-0.06175139557601638	-0.6023053335215561	-0.050217920904797535	0.8072501058120332	0.2380152744286388	-0.07712875751358551	-0.46820290534184006	0.27506270347088047	-0.17549611149579103	-0.4879873368900407	-0.35849041006904203	0.4743001886581854	0.1514237682159992	-0.4619620557488943	-0.43272361554704303	0.22824907119659485	-0.08553761180786829	-0.4348326983458591	-0.2676997715528546	0.5922045370636253	-0.023223644783217562	-0.2644502140352168	-0.4111007987413596	0.33743604191267706	-0.15972411987135884	-0.4032079360295617	-0.49014453841364836	0.43800099577603263	0.006883500630213966	-0.4934779968978805	-0.7193996770310628	0.2873479606309622	-0.6641381107224305	-0.5429766426073263	-0.2200336879528039	0.8252477713409135	0.24115611426012534	-0.21068675728407593	-0.426805908786793	0.12707178595019544	-0.2412250207978005	-0.566191635182984	-0.601131789699171	0.3054805119587475	-0.45553588444796395	-0.4860625670033226
ACG	-1.0733171429959112	-0.7359948693305202	-0.7805601319001532	-1.037849647417777	-0.8691326276421233	-0.5529715220251902	0.6596394880969253	-1.068964152221574	-1.2644798862483075	-0.7130814789747554	-0.9536411941844863	-1.1799835829857397	-1.0326626011949234	-0.737560212790708	-0.8251289769977528	-1.103211108508583	-1.1588753814519575	-0.9185666227976289	-0.8115668988088233	-1.372505527864029	-1.1126218048446155	-0.6563902477732114	0.015253212724092427	-1.229216833177897	-1.066139163612019	-0.4571861159978496	-0.4512100363964002	-1.1925957854954954	-1.137824533660275	-0.7419466145983549	-0.5622430816097018	-1.218259052924535	-1.0006552874620749	-0.6975228369536228	-0.6234722714386487	-1.0484060678012257	-1.0334709610620365	-0.6268212708182228	0.11063443298152785	-1.190011880841306	-1.2010282306075635	-0.6064883887967065	-0.8039667363334183	-1.2323067732856843	-1.1126551952028712	-0.7659669676359016	-0.6002780750790225	-1.174043542200654	-1.3279633966562299	-0.8229015991397871	-1.5859475661257523	-1.2116092379929286	-1.1461502597998474	-0.8662882267661588	-0.03363234275169749	-1.2604716657984056	-1.5011926446243749	-0.9807210164049377	-0.9776195630623145	-1.390324675150069	-1.0922690585319164	-0.8707343277676616	-0.9665895202734107	-1.2096333367369563
ACT	-0.027507041356413957	-0.17182974052106323	-0.38295085800638945	0.26336747966783086	0.4778350275884249	0.023339744541784925	-0.3273100013851037	1.3685623283501356	-0.07244516388964295	-0.39123824343825625	-0.449727143253426	0.18328492298819185	0.1094135678621317	-0.313987997322283	-0.20971987797039052	0.14166203077247058	-0.02941332846122455	-0.5686379991048605	-0.4754110421888864	-0.07264131555065144	0.24882068001541727	-0.36862504675286395	-0.5547666706304633	0.22439437144475086	-0.44262926978156686	-0.754078827446669	-0.785481540656796	-0.3206117724852432	-0.015312099966938934	-0.44159797853204186	-0.5134218522487803	0.03348429966280263	-0.039864173340323765	-0.4513017075263462	-0.43028877179611913	-0.007579972045807607	0.01907069460024853	-0.4912565557764073	-0.6746282571993378	0.1377193292923769	0.005806626189549585	-0.5493180719783273	-0.5100003370589823	0.055459855750384215	0.11840730266726669	-0.3289594987643468	-0.446231881431286	0.15676808585341062	0.17576826431252973	-0.4325753548616506	0.0801927857687467	0.005882607395666476	0.35557119680903615	-0.23486228854168062	-0.43864778111977343	0.3290883444888352	-0.04445760705660879	-0.5390432674256677	-0.4024036914314534	-0.09432188769487843	0.1716547652705979	-0.37363511904089947	-0.04187657101831631	-0.001133213817520436
AGA	0.29396376710598093	-0.4883684429963213	-0.1734276343816698	-0.09555074894785796	0.11105045149404887	-0.6298628190354544	-0.7102066527344381	-0.15906644313222082	1.7065665427941032	-0.3984180215685576	0.7138744472091371	0.04649274541176534	0.24823348329654682	-0.5154985630736825	-0.17147725896254765	0.03555065662654646	0.01990050534694292	-0.40478887486560505	-0.4429137498672582	0.1535164786679372	-0.17462674590705554	-0.779034311721424	-0.9040430344267842	-0.40375772386301995	0.2510136349377862	-0.7581754519221265	-0.4222880097047087	-0.16158247292015632	0.06433526723883633	-0.6762592559527999	-0.5156954965560099	-0.07420115212196118	-0.006256701612711824	-0.6866507604344646	-0.4433590384787171	-0.3298156600545516	-0.04662563207171558	-0.7171184839923074	-0.7544232202381237	-0.20788665547890933	0.19442070203133377	-0.7517745096386059	-0.38339700092256807	-0.2495850241773588	0.025831025312610497	-0.6781479374233843	-0.5236055776832512	-0.07748145566126376	0.9683230258622904	-0.5115808055232474	1.374683841943027	-0.006895592270165593	0.007137623785920896	-0.6621967214459159	-0.8592438313878579	-0.24920205092842446	2.6792425780605	-0.4139539846999419	0.023734879433879353	0.02136522051662255	0.34844892905348673	-0.537388857204457	0.04058895118834151	-0.05533517035605553
AGC	-0.4433842405101647	0.39704030561819287	-0.10445953599191708	-0.3455029079641198	-0.15333439443965333	0.5279269244212175	0.4292590311831477	-0.22027126966588453	-0.14370443597378624	2.149447328918354	0.37493440877509737	0.5017028863935572	-0.3996816513093633	0.14990922010329907	-0.08971734677333977	-0.41427979668987197	-0.49401596841398077	0.22365174125044487	0.11017322952758811	-0.47104319106451636	-0.1566945575374491	0.5008820823269384	0.3488245459743969	-0.17681281010774183	-0.22352645110240624	0.35213782659483	0.40473704624171947	-0.4133440606046387	-0.3470273686801278	0.12823793885404378	0.31956414990582477	-0.4390943448015263	-0.39028605843832526	0.37428850870462754	0.1072742657358133	-0.26056636811723854	-0.1379265048554465	0.4236469741321397	0.31013877598001455	-0.2552157033957914	-0.0452334406818997	0.8218804666387383	0.5824199562212117	-0.10769648041176186	-0.39467124514363533	0.14875564192310975	0.23178909563093308	-0.4303147768836483	-0.34732712102051816	0.14822751588504665	0.11094768529928624	-0.504196513918511	-0.08785882449271329	0.5763387189725848	0.47480020589601823	-0.1440739625431164	0.5230973858593848	0.45632133863520435	0.05171215474078944	-0.31082443986206687	-0.5009505605290302	0.06561258432967142	-0.2656928676788956	-0.45759504386505007
AGG	-0.5321295259056448	-0.7484103095266865	-0.2294552130194862	-0.7762787012525193	-0.6922991718371967	-0.7354477915499225	-0.5706356869293374	-0.8353464999457543	0.1611853529746719	-0.36878994175421564	1.2622758218050139	-0.588469663505873	-0.5570956847877582	-0.6820859810600174	-0.43442475867093683	-0.6732745445026006	-0.7708519096179263	-0.5850239133483089	-0.421353664045218	-0.7183513640957625	-0.7817924503461069	-0.6503494080589397	-0.6294034737523877	-0.8637806214950305	-0.4612713762509467	-0.5464255775795672	0.13862268841253977	-0.7182714858304282	-0.5894667645116033	-0.683884044320313	-0.2883310658330558	-0.642911541162845	-0.6763184299840326	-0.7723300972397237	-0.370699214932039	-0.8472238610619118	-0.6372948006148378	-0.6730553399678302	-0.40440167744420547	-0.7682940873261246	-0.659385529076301	-0.6655008445796626	-0.08020994061104601	-0.8834088471890721	-0.7493525753870175	-0.7999945435054651	-0.4178863327691482	-0.7522400057234716	-0.38731521021698295	-0.7002835036615723	0.40923515132870225	-0.7441588056629608	-0.74458225414843	-0.7604094515415156	-0.8120842563592056	-0.8500541101294988	1.004346143744431	-0.4722263385235004	-0.13179637564001082	-0.6428159883911629	-0.6010309551759065	-0.6826552020650978	-0.35860114265992143	-0.6775816491105084
AGT	-0.2699268094821745	-0.49871071297929437	-0.5957626060769464	0.07591379251545324	-0.12722871325012822	-0.6204236946067291	-0.6687674812548585	-0.0905038384800335	-0.12577595334088967	-0.023632602239318703	-0.3649676426537876	1.0957468082419628	-0.018043986669623868	-0.6252867842952411	-0.40982304434391054	-0.09868177468314861	-0.36578530815962096	-0.7922811068865799	-0.6257933667264319	-0.25901404700566055	-0.3251259579325208	-0.7704027449979431	-0.8165976638673546	-0.3848413494785477	-0.5905904502035395	-0.9215709301578456	-0.7320485753312412	-0.5442691568089567	-0.2828915959728089	-0.8023905830197341	-0.6127818359660027	-0.30675494732965913	-0.2450542337616343	-0.5524498623647535	-0.5451895627681953	-0.05882850068964857	-0.35247075052835486	-0.7792138155872577	-0.7675086404809321	-0.37648215058778756	-0.11918784339458792	-0.6094765697589185	-0.3768464913500001	0.05347484297585643	-0.05465246747751784	-0.6808748923763236	-0.489092288990948	-0.11942831202968979	0.029721985154591207	-0.6806179017559094	0.0934666705249612	-0.15638950915276817	0.11000059827966799	-0.5452058872525337	-0.5829607432937237	-0.02003550732498697	0.09490425035125798	-0.622590558752394	-0.48625741217265567	-0.0456241569136535	0.04882056337748667	-0.6934605041454128	-0.1512410758554396	-0.18959661198811134
ATA	0.08494205861471804	-0.6481091555582428	-0.5693842761026351	0.16343859777425157	-0.15891964524324997	-0.9984685202216818	-0.9874336862112573	-0.4383390144550359	-0.22757850476004732	-1.0096944599348685	-0.7336995113236167	-0.34622689206606944	0.29522446672477143	-0.9637399323643062	-0.6081447041783894	-0.35376485568360105	-0.24090188078313196	-1.0399779014143258	-0.8316446379894963	-0.41108496163576624	-0.6048845894215061	-1.1985997722485782	-1.1916717689412506	-0.8454873197198919	-0.8432325152205962	-1.1730844242557497	-1.1256770723138756	-0.8855361147369651	-0.4397679766966296	-1.1619270213075281	-1.0175071331460466	-0.6723400248371735	-0.07295679703377127	-0.757894121064569	-0.6557693131172974	-0.1750575508529991	-0.4853741559610074	-1.0610240708862309	-1.0205295164229173	-0.6916563725782026	-0.4701082065231247	-1.061648263570052	-0.9492971605241077	-0.5754467817618987	-0.21628318156246143	-1.0722054091627444	-0.9035255061003682	-0.5026950241579592	0.7145686183920784	-0.8925558284993788	0.2851540319751226	-0.19650486651953664	-0.23448969823694085	-1.0602266800699502	-1.0786989866208112	-0.5287921918670623	-0.746453055226524	-1.0609909777703204	-0.9228941413263287	-0.4173350888960124	0.05139042351617918	-0.9837551502813975	-0.5438445685699472	-0.36904718101403045
ATC	0.2325114454492394	1.3323407305765609	0.7472654092903377	0.241863423961436	0.20155010551466063	1.225168212339834	0.8262442465143836	0.2949162103416152	0.09270790105948053	0.6768002027362358	0.3155188149215378	0.1058839761928711	-0.12089865608142403	1.175803740463338	0.3714945036875988	0.05523386934821855	0.21998044546777376	0.9552581905790677	0.6546964266853096	0.23755421767963225	0.050579609581483394	0.6290721280213716	0.3232972313958492	0.08872615636629567	0.5453944186210531	0.9961665284269102	0.5023810940959464	0.5834081284564782	0.8630880748518776	0.8151125266085193	0.4261560101461446	-0.020569128538176294	0.24991967918893693	1.096926433830402	0.6842705630267221	0.3718415703076656	0.1788270992492844	0.9693111373386569	0.4065981741166307	0.35949463892407163	0.27839503859058673	0.9150459152588204	0.3896974140866896	0.4194016806525981	-0.10575340720544675	1.0245678493739836	0.5327600783923703	0.04551760625186213	-0.28110424818599067	0.9657967130169958	-0.34623684872895283	0.08808385574103748	0.08762265430622819	1.0088000992115762	0.7588215304487697	0.1625876249781352	-0.6563830896453549	0.6541078500496113	0.2880271859205414	0.061980192073459374	-0.27525449337195	0.9938551494669985	-0.04996735244710597	0.06748455306303652
ATG	0.7884807374132421	1.0151378275969811	1.0453675238729432	0.8589992218795002	0.9251088591044777	0.7268569452912729	1.0624954772214457	0.789657201406685	0.9657002435559177	0.6820732139639355	1.1927250020081397	0.8292521682816746	0.7648782562889036	0.6472126032816641	1.6894838449018383	0.6672453168735286	0.8648698022483422	0.6089761899498367	0.9309943709608706	0.8262894571300299	0.7063936389460701	0.4139491657817129	0.5667797731037311	0.6014096929767906	0.9961188079684126	0.5643195412293885	0.767522061549909	1.0128834901409975	0.6247398957511762	0.3542440104254234	0.6163743949583929	0.5214649277693232	0.8116957739770291	0.7349974343894613	0.9270838204808526	0.7906703421302459	0.9315936627309375	0.6002684811010222	0.6998974120789097	0.8353473520840745	0.8118141992183242	0.5035829510343247	0.7611383277032802	0.8183680786265901	0.7205065126902517	0.5812169682106954	0.8920233782098047	0.6380863426423233	0.46461441615113885	0.7818181133438319	0.8685719440004654	0.8276012453125066	0.8521182941809077	0.7084786574178374	0.986972290743341	0.6915090128180721	0.32318359308905364	0.5770961235001365	0.9058621764605566	0.6313516054145184	0.5543395336164048	0.7235620908922717	0.8601001145464524	0.6659628194901802
ATT	1.1795061706364025	0.5414316982414857	0.5387947790177304	1.4923073732057335	0.7859778337487503	-0.009570283667103092	-0.1189341701796349	0.99923493389827	0.9504609255789871	-0.07188981971526598	0.28329406310832966	0.9975801792045859	0.8306983164436126	0.07732536580921344	0.44864148250868857	1.0184036604076088	1.0711866462704698	-0.02522797094478402	0.13166435211215036	1.175793975411015	0.5528574097482859	-0.3878702583713248	-0.4534155728831886	0.5133480764728539	0.746529670269562	-0.3112793326883072	-0.27076944727101054	0.97035930341076	0.48647720388012816	-0.24490713382058663	-0.3270381658933338	0.6748562084279526	1.0629283667937042	0.21721321186097514	0.23120883511581466	1.2252781784241482	0.6799949011292612	-0.20254800419190383	-0.38614199393632465	0.8392983767171696	0.9708910496747872	-0.1290905927312593	0.1304929314864786	1.135403480084648	0.7753128424628933	0.052066549931317735	-0.02221476180105011	0.9585148656498024	1.567533275531188	0.11871262057275674	1.0962828562306983	1.087149838524945	0.9761709559726955	-0.0011985082533068753	0.0425701744955487	0.8747070999287418	0.09258371579132814	0.02157512744906127	0.2134671593833801	0.8826156388196312	1.0171820671393015	0.19020765884552185	0.6466703396211745	1.0336216354272834
CAA	0.6915713084380273	0.07548669282628133	0.008898735894296322	0.673069218881222	0.5736588022152025	-0.18646705201614	-0.2698102549027506	0.4698662731196175	0.6425989776170709	-0.3262661621596147	-0.03813738823679339	0.3119019659917559	0.7862911254502385	0.033684838772183194	0.34809404144507805	0.7429882671742603	2.6278818637690105	0.1295970712838999	0.6615444761668656	1.0540132964567706	0.7682453219389589	-0.31092579851277935	-0.2677512252370054	0.44385691214313017	0.7778623453774675	-0.3739673115103998	-0.35545110655390605	0.5472872039420076	1.0470435050623998	0.022437541333145593	-0.20028349239487797	0.9034025167493853	0.6440298748187147	-0.29825496291050146	-0.1554784314554376	0.24171691256994685	0.5469547174709901	-0.3051609514410313	-0.3969348257064043	0.3953285281178688	0.29306188960370155	-0.4800039458691944	-0.42458496748748226	0.18435513957379132	0.6506908911833371	-0.1282175013947837	-0.269410987350494	0.5659613172207668	0.9391932115068523	-0.016350020841332788	0.6500154350503804	0.6684342326432651	0.6234489779592642	-0.2695294549018728	-0.22156533793752006	0.32656145757329913	0.9018792284337037	-0.2230949910480438	0.13983863988206263	0.3683274892263288	1.0361403777175864	-0.03930882988765387	0.6198908479487257	0.5166696201135415
CAC	-0.6309013738677942	-0.15805101896432536	-0.37694787222887755	-0.7462894654798292	-0.7190848923230757	-0.12640391443054572	-0.32873997877564853	-0.7531147662090546	-0.5313564275526734	-0.2258962795631225	-0.3628969181194791	-0.7998774859908522	-0.6909852332530778	-0.08645601853066612	-0.5156818732116543	-0.6699387569798672	-0.4738696039190799	1.7789549729788514	0.0026907572386013633	-0.015381695052268794	-0.5406356342822027	0.20543930547873812	-0.05976605101502795	-0.457541406518151	-0.3023807478476941	0.5198240900574481	0.1242222366850616	-0.3363107768934791	-0.49385646660381205	0.25724129127817325	0.045251156823681055	-0.520680527759878	-0.694114456206319	-0.07442049135880523	-0.3728274050546502	-0.6866435857358635	-0.6788134651336476	-0.027752981534994052	-0.22028862582911657	-0.6685942727011513	-0.6430449977337164	-0.10316651089481284	-0.3704744831632846	-0.7575937556020012	-0.7237164465892951	-0.10831663590098475	-0.30194457071110203	-0.7460487815229608	-0.5564988193034968	0.10291944681825918	-0.559261760803374	-0.6473040517602056	-0.8160205124973856	-0.16547586491441713	-0.48699785406513607	-0.7715342259633846	-0.1329078706630619	0.00841455221330709	-0.39030149940354436	-0.5363839713799942	-0.7438808099370271	-0.10122880631371288	-0.6890076993359774	-0.6820399575304238
CAG	0.3984978865791248	1.1054690961847269	1.1763306865457759	0.2993811098307121	0.7954506832995782	1.2136840495148116	1.35660529576056	0.6672615007013913	0.8426407936342732	1.4139163752976351	1.619959332532024	0.7160054248445455	0.5637920307726618	1.4324983576741395	1.4465694511454121	0.6792157001088912	1.7627242242209265	2.015479167934499	3.79865057113334	1.2090943585907588	1.2394887236739043	1.4947374921005414	1.685935837980451	1.206515666638446	1.4771895175840277	1.5476943701929302	2.221499709883272	1.3628197309771808	1.3098491663977836	1.6788426733804507	2.4014911414180595	1.1595449088928533	0.4983702223356317	0.9506589990976917	1.391194302903489	0.3072150228959196	1.1214440913828225	1.3774454558640714	1.3201535042286765	1.0392842291526472	0.7028603633211689	1.03973857917812	1.369009239763656	0.5518330110501818	0.6931572052173713	1.2568223409184034	1.5980484579823293	0.6150633210235195	0.09043360558123915	1.498147393305346	1.087537479480089	0.6806546699474458	0.6390138052871301	1.1423257893462413	1.136211736841014	0.6227682174430536	1.490573408660736	1.6063978280383624	1.6329383597274945	1.0242349754258397	0.4255546746461333	1.356634067325903	1.126971003907815	0.6531679978331524
CAT	-0.22980164683700344	-0.6027863140444122	-0.5746613851923043	-0.046976461149487635	-0.42408360094633596	-0.8244533681865379	-0.889556205875313	-0.3472440427363657	-0.07170391978575491	-0.8035008909830649	-0.5157207027608935	-0.2854235853782361	-0.09740504704906255	-0.57692771535511	-0.4574988277827812	-0.053911427357433823	0.0637986328480866	-0.06745774635873003	-0.4462435853442177	1.0028424593388827	-0.2862844797182792	-0.7403593091087186	-0.7515407265584759	-0.2229249972252161	-0.11644331520430425	-0.6650628181090673	-0.6360485001356107	-0.03625961937798961	-0.09355156767205813	-0.5811658692962896	-0.6162245267836268	0.013768245438128818	-0.35487480025802015	-0.6718150676059195	-0.685600856926579	-0.19933639892176652	-0.4310180388015357	-0.8232390395222129	-0.8277123325588183	-0.41329955878248004	-0.347717638739128	-0.8107078955835321	-0.7373554233036712	-0.34117575758291624	-0.20112206321506093	-0.6567688297715732	-0.6675859276412519	-0.16803774324135004	0.15447183782165222	-0.505535331659997	-0.06872208716395761	0.12450029637285465	-0.29227769113726865	-0.7305460017605734	-0.8574616347053868	-0.2756341866215478	0.4092043037334326	-0.5815108708744672	-0.42022893771929953	0.012823944691886977	0.0421164877849484	-0.5347363009873825	-0.19726888474687473	-0.05419571482421214
CCA	0.03385672233753811	-0.17584589371842235	-0.2634504860032843	0.0952106124910531	0.840298418729531	0.1399208234810476	-0.026922075628721318	0.5997111399147561	0.23669528649952198	-0.0496904987488223	-0.03865237311446647	0.2613962684429331	0.23207932080165353	-0.2521202227165973	-0.013634167785565353	0.09639261800940635	0.4913083284307709	-0.018540440313892518	0.04757203218922269	0.367381445205576	2.795993525737446	0.8304078709372515	0.9462473462271831	1.8506090677788376	0.11048193371123978	-0.4731399367078897	-0.277106394792928	-0.01497794916023665	0.41180127127475563	-0.2106244318363044	-0.18957570406778526	0.21382120954473668	-0.015776454769148948	-0.35750574167358595	-0.32600208687593835	-0.05075096887230869	0.3964547651688515	-0.32216218657762696	-0.42321724060204985	0.09427301300143187	0.4507350274805485	-0.27276190039291776	0.03592895648319088	0.2736390806722278	0.34633597976983344	-0.27711265127999735	-0.24399199663460858	0.17697026375610592	-0.0912543973953631	-0.1537255639756925	0.13741754499656506	0.2927928454371138	1.0604163515786895	0.24530300925221143	0.10825938807276034	0.6485343284013515	0.7371264660311685	-0.11104568263953145	0.23579701913052747	0.16981737354359946	0.26353915944198675	-0.21162275366107022	0.04508256816606611	0.1098014601800264
CCC	-0.7873370638582011	-0.21915550027166855	-0.45469114152009055	-0.8828114067216514	-0.5093239582505422	0.5823354266634229	0.12113608077768398	-0.47520603827504326	-0.8435128508025224	0.2023511802832859	-0.3684763703369215	-0.7354413147299556	-0.8751469029019832	-0.12047079670062392	-0.49188696330366605	-0.8208137403942961	-0.694503621334013	0.40705098816486585	-0.04751702039616877	-0.695150510221498	0.4237700063189214	2.5307001546716754	1.4891753033873898	0.7603922397649816	-0.5859514006673804	0.44690919579304894	0.16065390405433386	-0.6387274707689334	-0.6578262357208904	0.3897778619714254	0.12685551995520822	-0.6499907836154544	-0.7382303347826131	-0.036986377409607266	-0.2286777139659585	-0.7713516349074289	-0.546959818510783	0.5811599159894321	0.14244376597394298	-0.4772881125330785	-0.5146349273055322	0.43378122759067445	0.27589131721398347	-0.5604169960936913	-0.7976519037605415	0.06683435956259584	-0.15721704164404213	-0.7875499769756366	-0.9267419297815574	-0.005612773722360263	-0.80367458965643	-0.8137675483970495	-0.49849763447296236	0.8755836153574885	0.24525540330931486	-0.30305169892781747	-0.47315949510807603	0.1197342250646482	-0.3156937875988818	-0.7444187737697188	-0.9158363368077715	-0.05392332319907962	-0.7950302421301076	-0.7558682809986487
CCG	-1.2094952740473537	-0.9885993605391948	-0.9141104749426967	-1.2009100812110987	-1.1373524793558927	-0.6509035428874457	0.1518100117662741	-1.1705247907017964	-1.3735835484388041	-0.6580861426313798	-0.9509970658945838	-1.2591216765029247	-1.177589936229058	-0.8845259856011386	-0.9478299600447159	-1.2083306406332042	-1.1073288346957826	-0.634767335184379	-0.5895081778452277	-1.2284836674777957	-0.38473434567848247	0.3720708178731468	2.668605616238761	-0.4053401632383806	-0.9215252260652447	-0.08743039807165412	0.04483146060682522	-1.0208725284015212	-1.1210105759873683	-0.5768906902405658	-0.41563322118690527	-1.1668145454434875	-1.1193950376623307	-0.7220343423819737	-0.6848036901755954	-1.1218977000896293	-1.0682452770238064	-0.41554159202816554	0.44520291998649675	-1.1202867144894388	-1.1595184443246296	-0.3869105072801753	-0.47574526606293466	-1.1547183891460189	-1.1728041803888196	-0.7431144884756927	-0.6239276775457627	-1.1725742015122596	-1.4044219981484962	-0.7637002869957349	-1.6538751862098287	-1.2057561341855996	-1.1127375501835175	-0.547439117926941	0.44322124276737435	-1.1133299842955824	-1.4679160752079312	-0.8012819247311896	-0.8554679952393147	-1.3882046741204002	-1.183111732663664	-0.8290732432761794	-1.040962098319007	-1.2486233732738041
CCT	-0.24125774506063313	-0.2882804974322332	-0.3996959529070907	-0.08746536707118815	0.1809611819621929	0.014949972942527309	-0.26843739039969555	0.4436853633812964	-0.10790708627061202	-0.16080033350537495	-0.22402446027757472	0.08802569560717095	-0.11000244718027205	-0.3063360489143725	-0.18631314754703376	-0.02732350281083085	0.11834346909542859	-0.010732413078101702	-0.07339093820465582	0.3310366703355847	1.6281689387978642	1.0184128811576352	0.7956293329653122	2.4512696315655123	-0.03140043728766571	-0.34374434936899095	-0.29281938195848184	0.08264365790454828	0.0978318235403306	0.004452391799379569	-0.20591644284394053	0.36082217327661886	-0.19107675540278773	-0.34616973409282104	-0.3641895255661008	-0.10663073742030305	0.05466624278908587	-0.22784741891888086	-0.4164032319895941	0.23808063895748605	0.34256655231024025	-0.15033402254861641	0.10699625364967731	0.354036684810256	0.08767164620834074	-0.14931776435616256	-0.26903037303511	0.2144024298451769	-0.23422995795597998	-0.2219977257072277	-0.18240224619498613	0.12757479134195723	0.4771946080155563	0.3526276410588199	-0.013973742958066917	0.7899598541353682	0.24955464082174972	-0.1492259234342089	-0.03851905944881575	0.08806662092841756	-0.036414433076655255	-0.14249874864844161	-0.09290245418987247	0.08799711078094391
CGA	-1.0264321559233072	-1.3665736620288322	-1.1057999329444315	-1.1784049403758106	-1.3178992432610535	-1.3500149770641146	-1.1978612709597536	-1.3591286349660738	-0.9948487521600817	-1.3263366259083	-1.1350551776804527	-1.3322697456094825	-1.0742020913454204	-1.1519385978816685	-1.183889650329737	-1.0411437191211421	-1.0025707827383024	-1.1701404588791908	-1.0917148065576905	-1.1128727886376413	-1.3361904646072242	-1.266479333874186	-1.106608084952541	-1.3750680903384753	-0.15856543954205565	-0.7347866134715422	-0.6352545923748283	-0.6669311897972595	-1.0125270917362577	-1.0745437058675655	-1.014876363235329	-1.0037078760331164	-0.9918561137439689	-1.1963223222215753	-1.0358878322880583	-1.1494151752616952	-1.168139537340531	-1.0914355876818824	-0.901254479702256	-1.178939440877856	-1.1801880372347127	-1.140273804414797	-1.3163263059435737	-1.2421916147167489	-1.1139518765474217	-1.1871241249993472	-1.182237363301155	-1.1125490374950207	-1.2851337469667212	-1.25193101458872	-1.7769045230588805	-1.1577198710853798	-1.3661312835325488	-1.4322125209187047	-1.274832926700076	-1.4098524532465668	-1.3181507474240033	-1.4193435421145097	-1.2445156495865028	-1.351614232456591	-0.9833777148380943	-1.2775147627958954	-1.0997743583520976	-1.180517323798897
CGC	-1.1743515718582098	-0.8040813162942386	-0.6903589137604126	-1.3034785849491035	-1.3971311598398315	-0.5660177178827654	-0.3976170434866169	-1.3619616620770365	-1.3144485016198062	-0.5881407027977241	-0.9051732980533278	-1.4204273649632384	-1.2646654733507319	-0.44983929112795695	-0.8852954539340279	-1.141066412321645	-1.1689322971655918	-0.06817674452404714	-0.5329158562776346	-1.1986753560832164	-1.3465268887719857	-0.26017639379458996	-0.05046530418776398	-1.218438227210914	-0.4124165846851346	1.5240469297070207	0.4730978999347174	-0.15839960296271394	-1.099774197155702	0.08137601663715482	-0.15798254602898787	-1.0437786018728465	-1.1047195308317788	-0.531734943633407	-0.5331653002469904	-1.1916466461452788	-1.1295106646337594	0.07094274146633198	0.21452481965272166	-1.0237572905617256	-1.326832603441262	-0.07261590222602367	-0.7414028194058216	-1.1916891638644902	-1.2555445552659823	-0.33290228962731505	-0.5213333868541636	-1.201729249265071	-1.435610416140696	-0.46222416889875934	-1.794064159845711	-1.2373384076171043	-1.4529314309906503	-0.5663601381025712	-0.4023151101070088	-1.3609952586605456	-1.7282624022336164	-0.4680274165429749	-0.7714128453509087	-1.381365730529026	-1.2632481947724585	-0.479547723041816	-1.1213367991019059	-1.1995772643652822
CGG	-1.2618279267156867	-1.2629141688240402	-0.8784723828307868	-1.394290001567944	-1.4869813518705801	-1.1515401808571435	-0.7239255993501325	-1.5375040026233737	-1.2547582399826829	-0.8962499617660752	-0.6000586886875324	-1.422782939089509	-1.3097903426275255	-1.0117077846680629	-1.071810547436635	-1.2817938815779066	-1.33436924279984	-0.7984553976695602	-0.6313336554467622	-1.3843331357448505	-1.427465909008042	-0.8075812653596703	-0.3345466198967745	-1.4209815269216257	-0.6323609867678028	-0.00809313481345296	1.0445143871582412	-0.8709676735683539	-1.2195051592358177	-0.8028696719657815	-0.3031838366296551	-1.2332982261308558	-1.211262162240818	-0.9785449288381329	-0.6775274135153	-1.309129551259241	-1.2941038400348104	-0.7376016523490674	-0.1177411168786231	-1.3134402752745	-1.4134491520800143	-0.6806996676719153	-0.5725102122826052	-1.4083328794378187	-1.364146747149571	-1.062114640823826	-0.7014729482598082	-1.3595942969315882	-1.4078937434283039	-1.0340584432715052	-1.593417169653277	-1.370183798202416	-1.5406427977532011	-1.1861457621359852	-0.852762363107716	-1.5407751878340532	-1.3522683159427031	-0.9594751545886838	-0.8732077369095723	-1.4203008361447234	-1.2747440405268915	-1.0794531163680054	-1.1453242034114657	-1.3421742759765598
CGT	-1.1122376171506618	-1.3970463165274	-1.1338306064725798	-1.173261214761176	-1.4013263662903597	-1.3736898164423026	-1.2986719829890383	-1.324928605148827	-1.2027878345748122	-1.4173841199278339	-1.2995366740990006	-1.3283577958487898	-1.1084269863575604	-1.1605046620286716	-1.2008804499402108	-0.9994257117115295	-1.1002507935781152	-1.2077133147722243	-1.1373898846681232	-1.0975965406226547	-1.4078992461865534	-1.30344945816648	-1.1830915161049669	-1.3491287385958184	-0.702357180695075	-0.6264382189688601	-0.821416602755454	-0.02799981897074674	-1.1194308992749096	-1.0821378927421896	-1.0584317340465872	-0.9731850424470017	-1.069460752871481	-1.235720386947901	-1.0627499007710552	-1.1361287177963317	-1.245654515877974	-1.0942116542356333	-0.9630135721866111	-1.111663849979815	-1.3336901434464146	-1.1467674148629996	-1.4080498162334567	-1.0479009918056017	-1.1304168572278317	-1.1601437702908177	-1.1752381470316773	-1.0470765344148394	-1.3196984276952797	-1.249686061778087	-1.787324960835219	-1.1069791407291532	-1.3871981398034696	-1.4101172945841456	-1.3065183956065567	-1.3263164374859886	-1.6850911149844519	-1.4171878006955947	-1.273405522254213	-1.2555881935245776	-0.9706292486678963	-1.2398367104940808	-1.0720627290705047	-1.1220716500105579
CTA	-0.6426789825258222	-1.0690771753435238	-0.8925405368647914	-0.7416675440629862	-0.9013476546684962	-1.1919509982441758	-1.271082147924894	-0.9824588099939219	-0.8692466625797515	-1.2595503635215402	-1.0988696259441988	-1.0193993931638998	-0.7626641990163958	-0.816139210643432	-1.091810073848405	-0.9336056736619671	-0.6252963413954428	-1.1504539346228235	-0.90533657577194	-0.8913571697316439	-0.9672328219686694	-1.228276034110706	-1.2455620151995763	-1.1122057227557476	-0.9966918284261647	-1.1071835871371745	-1.0904169969799327	-1.1240996409372297	0.026252371654901838	-1.1346179480551888	-1.0583460239017501	-0.9054081467475984	-0.6055652700437664	-0.9930018288092233	-0.8376045663179333	-0.7735122928612179	-0.930304717924241	-1.1077147611138314	-1.0905178857802684	-1.0230848287613163	-1.0663053444588542	-1.2169771951493398	-1.2734671406239582	-1.1254773797784818	-0.8648536454684725	-1.2327152318850247	-1.1728599461751505	-0.984210421677774	-0.5190238306506112	-1.2080089713389	-0.7751595973114586	-0.9286597929172079	-0.8953333077806139	-1.2475061791110276	-1.363579457781447	-1.0187957569840824	-1.0929239199462495	-1.3867159686109771	-1.2728842729508372	-1.121129476966557	-0.7042769857714679	-1.2635704461343615	-1.0104664919205446	-1.004414377026713
CTC	-0.21581128989517545	0.7382811750744434	0.32894166392016616	-0.3249272106781673	-0.23722384634309923	1.0061338035059344	0.6159254995326131	-0.040664606059102014	-0.28651746665621436	0.48041259546365794	0.14000783435149944	-0.330287322145322	-0.5426223805600133	0.6552174606993763	-0.032338867127491844	-0.3518180063537429	0.0719497404707305	1.2918980636151072	0.6904451541718172	0.06204357509476533	-0.04594586726253051	1.1398515557772526	0.7489884538601999	0.3583969332563119	0.5568631799743351	1.7034698758343612	0.7841610909163199	0.5996569161428575	-0.05059828290642824	2.2957471984763798	0.5325452223696016	0.2218136926214056	-0.10875432112063668	0.8531115409357193	0.44013001709642957	-0.10948140890149263	-0.04357485847973123	1.2678010970151545	0.7524124318657236	0.2772534081654733	-0.14211893998304614	0.8453825640317223	0.3317769896323471	-0.0753216488857896	-0.43367632274055407	1.0700518019681413	0.1851659707118038	-0.23648187756552552	-0.578425430581138	0.6513403740848701	-0.3628121619021568	-0.3588960177183237	-0.17754550108813227	1.4997281797652613	0.8806949086300144	0.24114029431806944	-0.22533471027154245	0.7094626666521393	0.18214944887202747	-0.20560968741128605	-0.5877392607641777	0.9729389214078776	-0.2875548468483477	-0.22278702738461229
CTG	0.40242595757268373	1.6880210831859344	1.6914292355198262	0.2767817819467747	0.669832381228234	1.6681037036595803	2.0433543621734374	0.5682785611069132	0.6715053428893325	1.8844674106869004	1.9675390736346001	0.6948694790154923	0.053358601412670986	1.2279499971355194	1.1708541148012253	0.11618678407313542	0.539212745792793	2.1870107066539757	2.65785198562803	0.765008232793913	0.8478275415460582	1.8960183476530987	2.1367941280278595	0.9837960929623579	1.5513809013696167	2.4569592119909585	3.235126123223574	1.4303044048160132	0.6387908225858737	1.5757939019004636	2.7856918487983875	0.4594971420667731	0.5173827134136154	1.7638230058286353	2.0995674156519564	0.5369599510170691	0.9128916325893743	2.0226632840973484	2.0412555955760023	0.9915015561517232	0.7226021291530409	1.618213043550816	2.169195743551358	0.5349177102260775	0.2373860228737428	1.271825159393583	2.0670615124719656	0.16520827810871647	-0.17215484680887952	1.4429121864500172	0.6787057244794398	0.2675976312445191	0.5304598823901382	1.783769877494997	1.882210156544084	0.6633805479461867	0.8954730994696022	1.8936702210099705	1.4947949619360938	0.915698275311517	-0.16515029498984757	1.3413414955028327	0.6613817852170003	0.2945338017643537
CTT	0.33095607924379394	-0.08357655487213456	0.06226755665998234	0.3544324462319806	0.05821286587806848	-0.36518661315619566	-0.4889901202586359	0.30178077246224405	0.2713549126944029	-0.42259730226162007	-0.011869564467594268	0.17333934175630486	0.010288114462392133	-0.3530081457493052	-0.15369129584030264	0.17934528952477213	0.6154030912806193	-0.12488666519663008	0.025000727527111785	0.6765813913591039	0.16998128620375358	-0.3957628460168469	-0.47512117871869547	0.46485707240649976	0.5570922688403183	-0.28143130165313024	-0.23912655223411344	0.7087211935723278	0.2704791486706233	-0.03571332177683802	-0.40120966553421894	0.8502723907995619	0.3989923429338193	-0.17882806854683578	-0.06814793851906235	0.40095334486109885	0.23512287799509896	-0.35565036563667723	-0.47864116465032147	0.46983071554707023	0.2621945792069062	-0.43187818308307657	-0.21316563340545802	0.3482862869788921	0.10950800625589248	-0.23868139932768997	-0.4178748377059319	0.4109109700747779	0.21636744178706846	-0.3327208038100312	0.15976792321777727	0.22793256495508377	0.34873471556591235	-0.08607195919501567	-0.27232007466693386	0.6105921681660049	0.17919104926629334	-0.3024343153253541	-0.14106376073094767	0.19067732587165706	0.2118181500300476	0.07597439441912207	0.1697651650012541	0.4248934571319474
GAA	2.90807625103918	1.512918768871325	1.732018874532981	2.4715172619898	2.5498303702126046	1.1331825241778952	1.089310516698701	2.4284346745588903	2.6845440458417986	1.1400388371003993	1.5529789433636751	2.419814945333006	3.108132492998031	1.6846477749920818	2.3097919749797633	2.96898811997919	2.825248441103908	1.0049391913525538	1.1929846212462127	2.237675291297155	1.9974003897304866	0.6063609259020818	0.4140147650135105	1.7806433779519393	2.3643695598967818	0.3623354505444622	0.5088457715766029	1.9904976743478053	3.02904490210003	1.2009110657607984	1.085059392778748	2.837663914320032	4.059675122020026	1.7626447796643996	2.081568954402224	2.8982007153896383	2.6164199656724647	0.8537848196035839	0.5697186333115332	2.3193608779849653	2.391174620907763	0.6739671562975371	1.1843020649048672	1.9647055465192507	3.191843690767604	1.497337454209079	1.4541719893363574	2.852759170400584	1.88400061753874	1.4253497022523465	1.4629751399619857	2.483953440610424	2.2287730654643343	0.8693928114245473	0.9279964913624493	1.9223627935433154	1.1767301942970712	1.34744454075542	1.8838130185310398	2.393933328539551	3.2461639989133024	1.3854338840823166	2.660402793601198	2.480648569060843
GAC	0.37437920046254075	1.6178064434820372	0.9518910577595884	0.36842895959223787	0.5476968343661838	1.6167277174462156	1.5052690642946869	0.593546986368224	0.23385959684627589	1.7701852613099105	0.5913574776811851	0.7384210396873316	0.5833169466742562	1.9460202322527504	1.1367140201505663	0.7128543277199737	0.28622564207109064	1.7240429330347624	0.8967824347768969	0.5431869218828044	0.41063365075176345	1.4047064206564073	1.1626804573648488	0.572545476104447	0.724914181227109	1.405259884114986	0.968882835900131	0.6185175822515154	0.8352107665573878	1.828378624205392	1.5384610758191357	0.7280437448382645	0.8710586355065604	2.871278398618283	1.5196417931610204	1.2240387970814985	0.5805531909911263	1.545260812043352	1.2726726155610064	0.6110606543497388	0.6082968261080101	1.706527934130804	1.0208177222475023	0.633469042994572	0.7433861677753097	2.0278467837309124	1.5533824740115447	0.7483092331649489	-0.551518449837194	2.009635779240637	-0.5122237099064436	0.6096535619032347	0.4106375478747564	1.4418718780260487	1.413400124046762	0.46638779538431674	-0.49607412496832276	1.591614165440581	1.3544901060712307	0.565977758634019	0.26119511182722466	1.7805768522144152	0.7161367595082011	0.6829508940998651
GAG	1.3899712238228914	2.131198552970752	2.761435258190579	1.0835860536084516	1.7115577935921673	2.3442480749453254	3.0290053416663127	1.6811852306423392	1.7820405633294238	2.7545011260838193	3.021789512148675	1.8065775739898997	1.6699978409673442	2.923883213879855	2.965936638078899	1.8537327412266518	1.4994467013162918	2.31013278476371	2.8843686354479603	1.4423824605897706	1.5353936692003645	2.247746587343355	2.340208125226634	1.6390697274470512	2.3633847959520344	2.527807800672129	3.1286444835690155	2.289140929878019	2.3124251789929655	2.6672076840506675	3.6169437154644277	2.121975644103545	2.4770875942776898	3.124655827010637	4.559248885623917	2.1007068045514194	2.201940852293429	2.502058930856841	3.051664819060122	2.098745054007646	1.8247691125562189	2.3868226998112676	3.0423663873692193	1.6308345834633668	1.9174675222253	2.6870825119153614	3.451408143922661	1.8985935650559669	-0.025986349995326192	2.673888487097722	0.7455815620589886	1.4861485449222498	1.1646611751275353	1.792663398096397	2.3586945220333213	1.2283874837706992	0.4759183744932946	2.7490844961579386	2.826914973815723	1.7862630141307156	1.194605381539179	2.603188317175762	2.563091195714795	1.6952085710249414
GAT	1.6238050723088522	1.3131467115648396	1.0452318729610999	2.3322253472075314	1.6861633405516165	0.838880095183648	0.841646406908549	1.9954824163785985	1.4102635496421387	1.092717486844364	0.7989035733991803	2.424907457151597	2.3358594510949455	1.4307098703585233	1.7000546841546063	2.5432574512836514	1.5338572417873708	0.8044519858982172	0.5787893171221938	2.2231716255355236	1.4494288171948426	0.3684936828019533	0.40793982238178766	1.537673944472507	1.434125583463901	0.12426926228346345	0.2361081749386771	1.592842855215779	2.0442652331929656	0.8601443792178889	0.7411620538538233	2.2388953021206985	2.197863061924405	1.68578698737661	1.238995445224046	3.47044501195348	1.56767432792611	0.44947885011615374	0.325348758947116	1.727643844045892	1.7459056067026217	0.6168829691241546	0.9521217095462855	2.1316710184641554	2.4016733671545736	1.3654633982330688	1.2687276691279334	2.6353403093595515	0.7964964599731067	1.3981839920586767	0.5077034189516552	2.559936318821384	1.9858273125797237	0.8973716389078886	1.1475735365411495	1.9841932028364906	-0.02080061379128382	1.080058234243519	1.7702637085333126	2.0059251439403876	2.3244654460478404	1.4202238059135575	2.248602889242227	2.328929310389584
GCA	0.3992759958657358	-0.052467211132737536	0.15248349436675265	0.20754794257019452	0.9141236559746183	0.0801146573765564	0.18197315957240884	0.5652425271283588	0.5894628365690738	0.1386734233883329	0.3066400442295093	0.40520442563678377	0.5178704105789135	0.007471408753769743	0.37210162177428885	0.38966341364527773	0.5344345826659876	-0.06777601671486719	0.18236612430590696	0.3519665499970144	0.6489357737544573	-0.04721810437774335	-0.017380529181039706	0.38771710723681024	0.5903260633569035	-0.14985307966009606	-0.03540277364722156	0.4340024833654828	0.5818573427786414	-0.06171756743894774	0.012668677810756014	0.4841842319372513	0.4650235515294633	-0.10607494781344716	0.1015689794808237	0.21300756724658443	2.0500370938402925	0.2915132371901934	0.4596943106223431	1.0870335033836473	0.6484220549510071	0.03080415134045543	0.18479583702937047	0.45150271731311825	0.8045261293685652	0.04472343680620043	0.1496700669860483	0.5397226119517246	-0.18345997995324778	-0.1084907214037567	-0.16581719429488834	0.27487302907405914	0.7281610934591096	-0.0007650851947870385	0.11151491468197522	0.4123414363420036	0.2375781906433199	0.026950913393013094	0.19874556628203913	0.2915571051187073	0.45709315715508303	-0.15595068054951672	0.3275965000493307	0.204527190585523
GCC	-0.14428167246596324	0.923395132937552	0.6353842892484104	-0.3269154714561953	0.04855166011925763	1.8027744383852917	1.2625274388451595	0.19968854898853394	-0.1137767052793068	1.4343265383436585	0.47007449460531875	-0.06490109437908499	-0.28810790617308063	1.3912410438552676	0.6488677738629164	-0.04484874041006666	0.014580299335227555	1.3881613603145555	0.9984560246837972	-0.11979806584732401	0.15519370555966447	2.067557422088956	1.5273392712876324	0.44246978471153414	0.6949369485762705	2.310507606917673	1.2697815850789846	0.7544771923915932	0.13501878307839305	1.9653017433219309	1.425349597003512	0.1500583111961901	0.014780893034568516	1.2049798020826596	0.8429244872259157	-0.06817278784730516	0.8395644318239541	3.3147855945457625	2.0976856817147094	1.1658022590483597	0.2602353675765934	1.9521466196256354	1.0713966630983893	0.401343921356414	0.003331962615865936	1.881932471409796	1.147029009113934	0.10039030459402296	-0.8476976610126907	1.1491123160475836	-0.773630617189136	-0.20935924836159425	-0.08695294566770412	1.8290609175299712	1.4204898586581056	0.15165255524345944	-0.45043694528970263	1.5332423158592265	0.5068951643133194	-0.03900783385429652	-0.42821975506196663	1.195637585047642	0.04528262090120726	-0.13325298840897162
GCG	-1.0638585521770305	-0.7610782638199102	-0.47210410069739944	-1.1395494047914467	-1.0935033987559273	-0.5388987030023235	0.8087138228599875	-1.1583792595513749	-1.187624652135684	-0.30487383899643744	-0.5002055475370359	-1.1412573417795624	-1.0600872497230354	-0.5319579136760046	-0.5333182954482397	-1.0525238485449142	-1.03472604700479	-0.48912204230752493	-0.3350806539603574	-1.2362946828652288	-1.1309012465565809	-0.2025770433528686	1.0905518618764036	-1.087540024956232	-0.527697602016648	0.610605121053628	0.7362370306215477	-0.6395317531313215	-1.0015007911015341	-0.16741913718772933	0.0228608764293712	-1.0306588320001777	-0.8887335071673258	-0.29949740348295334	-0.07071427856600625	-0.956297599950016	-0.41026095803555657	0.38865226151645793	3.1225982502357503	-0.5869068633363668	-0.9598722052238581	0.34599488122561217	0.1344289689258954	-0.911067068197823	-0.9696006724052086	-0.26409279602913643	0.08162397591948346	-0.9766425631949016	-1.4306949748039386	-0.6021190992749079	-1.6692915908826735	-1.2018742441881065	-1.2197841227585708	-0.6016717624773577	0.7184854255868687	-1.1981428004365962	-1.591589665411977	-0.42019910226504126	-0.6295763058075132	-1.2889281711819145	-1.1087334899150953	-0.6405204997348193	-0.7795218296921249	-1.1803258424471055
GCT	0.48316770450738633	0.23124367617995994	0.39335968438393804	0.4607441896798088	0.6319905182614372	0.39503857419465604	0.18468979333394883	1.120607926466486	0.7471187058240274	0.3180627792575345	0.43665979518645764	0.7418889902858866	0.5393367479019722	0.4658030068836607	0.6292698587518551	0.8520297977988796	0.7312229109600613	0.25468117439781135	0.4169166283276058	0.7615078087681716	0.6737215447882828	0.3285259629839377	0.17981268813046547	1.0301696129623341	1.0102984542358286	0.27417224209357977	0.20459300986051893	1.3095070670411173	0.7548717995969042	0.5339068801675718	0.31858977837556407	1.12249740606524	0.6100093817115257	0.16380991255168625	0.3004388574700472	0.6013810361244865	1.5390938703787673	0.8448297534624217	0.5295564946350191	2.4015976223416335	1.0292070766337562	0.449570721199162	0.5210326745755877	1.3249944282434472	0.9478668658490833	0.7153893619735654	0.4645526306976952	1.3192433101378032	-0.10587086514654465	0.23793656905987334	-0.08973825980072275	0.6172262062596549	0.7199214012431271	0.44246041346827647	0.3810656542192851	1.0131006042172546	0.28526076320026744	0.48632885718344016	0.4190424583802862	0.7421798673354776	0.606000894437117	0.3407815854721093	0.6992117574321919	0.6212816364704044
GGA	0.34342504040454763	-0.09733366043612822	0.0011920323878237583	0.18892155951894668	0.5165850365579965	-0.06902603411554463	-0.028563262942813108	0.5309078570174858	0.8642632863701699	0.22903090300708934	0.3117009165614065	0.7239728312379793	0.5569774759073274	0.06605238899951194	0.2270774081341976	0.5643259850298593	0.26830621852832703	0.01444331153362848	-0.12369090879900169	0.4854545645677742	0.6641446970440061	0.010311119132676617	-0.0794337985114354	0.6972762223320825	0.7155167650370914	-0.346454230891265	-0.13141936564786144	0.36869573438220427	0.409410985758889	-0.1545459419578621	-0.13341097566955978	0.481378221698323	0.2887127772061678	-0.12059317615193493	-0.10585707715863464	0.2465149136093133	0.5956314424638341	-0.1358240516696836	-0.13782716721732785	0.568591875190449	2.240561947797045	0.46849665171616767	0.8715881072337417	1.3631394159931356	0.7732406143647982	0.14118847891572373	0.1839419593508094	0.7640548019101413	0.15254690974571924	0.12688760007007227	0.21786916786603533	0.5233207908936317	0.3879919123693869	-0.16883105358314388	-0.17033487540043474	0.33719235375086687	1.6251644131366665	0.19684343735660997	0.5387111036540818	0.559669836495163	0.41472845533844993	0.052180900949337326	0.28478413336298863	0.4459356541554261
GGC	-0.4349517212737054	0.4743582553013702	0.21551931862452886	-0.4906717766511414	-0.26783906869387714	0.9340012142427807	0.9441845143839857	-0.16108395468230807	-0.3834890027238692	1.4843954346089543	0.19707498931263356	0.0017273227448671115	-0.4110492837209252	0.862863950537069	0.18171189706060786	-0.20440413832615228	-0.4267171202008873	0.8158657927862253	0.3190759425668459	-0.3136243367930789	-0.07521436326135282	1.3111617253241452	1.1760124936268999	0.21120187490518386	0.29193463362402866	1.5342127514646065	1.0796852717451337	0.33017011980250044	-0.2860902448383345	0.958400756245948	0.6691980887572894	-0.21152697361048534	-0.3289334209543542	0.8875614886783778	0.4095097100509625	-0.2006125935716236	0.12682491846650612	1.4038485031965096	1.538162595957071	0.27984006812271905	0.7065375515414597	3.444997398628233	1.6361775043767164	1.0416237990692132	-0.15320640479633282	1.2875494428429157	0.8756561111621286	-0.04234405235767888	-0.8596177017368709	0.9414360393648515	-0.7448137243104576	-0.30481075378619493	-0.4202055383227031	0.812936285849676	0.8839918541528325	-0.25506452571372396	-0.397433236437614	1.0431905334456262	0.594566172933977	-0.2503288420790282	-0.6168016166349345	0.8525703551969468	-0.2613511826432647	-0.21508061041841986
GGG	-0.7352892976532146	-0.7713085236586632	-0.47006558497325085	-0.8298564276268184	-0.7380733996538187	-0.5225162975473312	-0.2283764714314248	-0.7544611691453161	-0.5744010185428925	-0.03564873697198652	0.1262281691778805	-0.44238204632783273	-0.635864076952033	-0.5081344007103998	-0.5056675588716857	-0.6361851331924017	-0.8955773941983283	-0.4388098952345803	-0.3821916192679618	-0.7920941313724807	-0.5722208705762433	0.0015227591760030642	0.061652639419358876	-0.43853631649725044	-0.6303373684516183	-0.2618026539621435	0.3664114518980427	-0.7758274325749528	-0.6952164088232421	-0.4391629023601945	-0.05631237491952799	-0.6480731558630545	-0.6875292329398696	-0.4739372864225398	-0.23255967094073357	-0.6860287720411345	-0.5681120363729933	-0.26863324020623913	0.2325938968768038	-0.5744406478399701	-0.08709939284324376	0.2839773009437235	1.616681550261361	-0.24725071125231868	-0.5898012703886278	-0.4250604598151834	0.04261782048193707	-0.5177508795811571	-0.8952326904433688	-0.4974870142078303	-0.5922468287925878	-0.7195274756140355	-0.8200999712296119	-0.549140086386186	-0.42110864630509737	-0.7656456444655988	-0.2271672576980642	-0.17746060847989642	-0.10205474543555366	-0.5627134446689895	-0.7475832832067543	-0.5199652520399834	-0.49340748925938754	-0.6254845725548447
GGT	-0.23048069128388385	-0.4319841084682107	-0.39117707564332604	-0.08052175477582443	-0.18884810129024607	-0.4229376387914226	-0.4766731333905669	0.10743762407536359	-0.10854849226360816	-0.2420112124407528	-0.43090368203530216	0.40601868838591865	0.025275014271765647	-0.1957093695162024	-0.16351219202875938	0.25488969173971765	-0.2061744052660843	-0.505936427054635	-0.5113659334590123	0.0022640836143589292	-0.006602514551632856	-0.39348769019849394	-0.44183744692625815	0.18390496760974026	-0.023713233118008464	-0.4704116433902203	-0.4732357464365245	0.47817275712137863	-0.14017953749801285	-0.42807111534751513	-0.5071573708488056	0.11420755013257439	-0.20128072133520322	-0.40718316228592866	-0.4357494223980982	0.06662023774542576	-0.03440227426294581	-0.34987703200696413	-0.3792217239809846	0.31057241983290595	0.7517287162314893	0.28958655290586593	0.1503819161761881	2.0597511759589664	0.24322519234619722	-0.06725462432562522	-0.20849694439501723	0.5518777621162672	-0.6039039924750843	-0.2925676161015413	-0.7871966637521637	0.0987514010066206	-0.11201982103918147	-0.4614263453552864	-0.3995424096906546	0.025411422050903035	-0.5904321477005032	-0.3545821525023539	-0.08389241363606056	0.09733192407975973	0.05978596273136613	-0.24749868761693333	0.008123636373340501	0.1073037132857207
GTA	-0.5484139843784455	-1.098053904889681	-0.9362458175659236	-0.5602008944123058	-0.7360663052557671	-1.2301475675127103	-1.2421744060418825	-0.8240632247690214	-0.8219363266932233	-1.2455624015982556	-1.1954351323956933	-0.7841718084858738	-0.5526661111643857	-1.1866888824818234	-0.9826143341398785	-0.7447320904178115	-0.7304033367396268	-1.2796216082383591	-1.0479779583847946	-0.9036658666696896	-0.9229010042672615	-1.290225239017583	-1.2907454875588587	-1.0459681528131735	-1.1335708349562017	-1.2296663822049234	-1.250712589595595	-1.135309020474691	-0.8365048496211387	-1.2749272979422197	-1.1379335409506952	-0.9268181054868921	-0.472709540089442	-0.9646003011123625	-0.859201599348973	-0.5789589985684495	-0.7254266964017289	-1.1152280738512954	-1.060729510702834	-0.8488070563634335	-0.774737181626308	-1.1212165614882061	-1.1569696031306231	-0.8009161478048394	0.23001525114858734	-1.1235919802585201	-0.9733052229971833	-0.6545430909895218	-0.4590264196489622	-1.1714148551594623	-0.8114071388100869	-0.7573607686840474	-0.796789446033963	-1.3177908369658862	-1.375137701471815	-0.922230063161438	-1.2598985812115364	-1.3099363988296933	-1.242968344872065	-0.8391121530949317	-0.49854615422076476	-1.2432369803794947	-0.9178058497846393	-0.7984818427222319
GTC	-0.40439922411134716	0.27651296898449246	-0.03390489917151948	-0.4358203393446856	-0.4442793003373329	0.46352305235753044	0.17142990502147382	-0.24535273327594234	-0.5732345646429756	0.07712701650557272	-0.38496757019804423	-0.4509884943724862	-0.6015917383597719	0.3797195449853314	-0.20465026285564714	-0.3786152598776679	-0.3943677069823991	0.27154565012106896	-0.00484692461773378	-0.400356508614853	-0.4767377980141157	0.27943446477368444	0.06908937364261253	-0.2519473892632846	-0.1451112413502528	0.5800448882965685	-0.07192032840254238	-0.023200227266597317	-0.495622515977442	0.5639640678140975	-0.02740679467814248	-0.3429430688311971	-0.25626165981310994	0.5113783336338608	0.0814453627110457	-0.1425772013682617	-0.28948297044765064	0.6911499006543039	0.2653330166194565	0.016735525421976132	-0.1980256095292413	0.6434631423547298	-0.04169130669695323	0.0019294312701485883	-0.3695152167171548	1.026664664033042	0.11644337388780589	-0.13515656813279167	-0.8258779901837123	0.30211662315568805	-0.9476032344195218	-0.48713374703799367	-0.5222313926642309	0.40013054113973817	0.19699290178128476	-0.31984924344779275	-0.9421981919529545	0.23029109710621937	-0.22205965406121167	-0.39363315060188125	-0.6761597760307471	0.38094971195871047	-0.47366606908243164	-0.3841581724214237
GTG	0.15404608845295156	0.8344413926146864	0.9273114011525281	0.1883675648108573	0.3809697899025731	0.8373818314867005	1.4036835566785129	0.30406547174527854	0.2738551750254439	1.0752262786433338	1.0780325671137334	0.5519017488071168	0.1019521235472092	0.7933921120566886	0.8859890253452399	0.1414176638976568	0.06380755320534068	0.8603581390612335	1.078458824624285	0.2728867009917141	0.28182907518380074	0.8194932094975346	1.0836057589499568	0.37299581333460663	0.5999621137823203	1.0969460012225367	1.4611089509461985	0.6953697800758087	0.13899323621421641	0.5502927254500297	1.321896123345658	0.07484409749164601	0.3286233708051219	1.0933816541948294	1.2459509877362152	0.49698132867711875	0.596179681113021	1.0460574485217085	1.5410442707494147	0.6206605575019144	0.6971916391723566	1.2258299136352055	1.6726057069234634	0.6483922744754513	0.5073163014715135	0.9551836191212895	2.3392595005168517	0.40115613396524125	-0.4707936883036239	0.8574313961087859	-0.10621618570498903	0.16746296257605306	0.14959758308751223	0.6530145304022273	1.0828913942632623	0.22678524524768612	-0.17530564639224977	1.2496814161557084	0.8901285046644903	0.6859559286599077	-0.1494946700996144	0.8077490198707858	0.4744281787630517	0.2616565479875315
GTT	0.36934220365696757	-0.13506928849674604	-0.02230328278137351	0.5313065830801642	0.15909963091358104	-0.3938581903757838	-0.47412029507994086	0.4983828082623965	0.3031853135741531	-0.4044229610364292	-0.19433418901417124	0.4604529856640144	0.23134281570072557	-0.2697168309827986	-0.010785279595588134	0.46403808912857797	0.3765038552976026	-0.4319474315023737	-0.26542016185510886	0.4540225776050629	0.1785485866614322	-0.5639914000354207	-0.5432011001988447	0.3492881068648942	0.17751747222466013	-0.558089449962499	-0.5617966526559475	0.42660569587853053	0.07414228648782419	-0.4072119338012824	-0.5416859352433424	0.4696185470648563	0.49545517458619004	-0.1183968990889016	-0.0980175315759019	0.7136188315705202	0.35109730435902065	-0.3620071156437225	-0.4452365832478558	0.7307214681398677	0.6288179666855793	-0.27220558760392194	-0.02846009617406251	0.9501502047040296	0.5727853732498985	0.0018714614974983303	-0.14133810191151758	1.1067797740409466	0.1311817358235584	-0.2831497652862026	-0.08828718949355037	0.37429212944440654	0.3399623105257903	-0.3473960110362008	-0.33416206286917	0.4863642874991375	-0.33163284371477136	-0.25894260907661315	-0.15136706715036044	0.4956020982488382	0.3828050973956313	-0.1594773802229721	0.2482966772055146	0.5205850836174172
TAA	-1.4528747703325646	-2.033140626283419	-1.7741698699724013	-1.5469632332914443	-1.9580302622754346	-2.066510184678649	-2.187421789241549	-1.9984984156372951	-1.817255494124904	-2.0715196486039016	-2.080737277210182	-2.0155035848636147	-1.4685267717677093	-1.9454691112032678	-1.9652810733496708	-1.6249195625101123	-1.7811558304086006	-2.092114195219552	-1.870491602851548	-2.054264681962712	-2.1956850077629553	-2.0041901728961236	-2.1006377161892806	-2.2569579093209837	-2.5092160663921383	-1.8707935524626602	-1.9696913138929129	-2.534562931099183	-1.85473953393534	-1.9485579609054364	-1.7659992107745772	-1.9117851098112035	-1.5720747820586034	-1.8604071689521868	-1.6738838429123566	-1.7578305913405563	-2.10242600379854	-1.8417493390261077	-1.753768645527809	-2.127824415851148	-2.168214930672593	-1.9165358207736274	-2.199771424026008	-2.218796024421455	-1.7791176047815942	-2.018651168492441	-1.9235160989857287	-1.8486088608382385	2.0918584760238597	-1.9955849919984916	0.7870977548071488	-1.6995166252334628	-1.9854499951905393	-2.155467381817533	-2.400550479137424	-2.0524855736841734	-0.445634944242868	-2.137245634919405	-2.1877129754061886	-1.9062079314911282	-1.2628093515655747	-2.042215952304266	-1.837581281263223	-1.6704582061574507
TAC	-0.31862258174645963	0.40897921142886223	0.015371304721955437	-0.3307743585548664	-0.46379251424745677	0.15917284903828444	-0.030619326892443528	-0.4641299556745124	-0.47255393501671833	-0.05915051485812065	-0.3362003896615364	-0.5394569131397386	-0.4435142478323815	0.18001805689883094	-0.19020255375579254	-0.42522958885983586	-0.4008690732399347	0.3761332964258284	-0.001784593909306968	-0.30495554629840715	-0.46132142467588505	0.07005595672732572	-0.06157887570815095	-0.4510163370729437	-0.37753144125958743	0.2853950682868147	-0.09522003466905392	-0.32828263590907414	-0.5008229868602482	0.07814179000347125	-0.06060552298824911	-0.5267293412257812	-0.3853521414045617	0.3372681808578112	-0.04892863331394331	-0.24374583315996323	-0.5349604842978822	0.07993177768769089	-0.1843855746020838	-0.4880086191895687	-0.34034889594378703	0.226501529810574	-0.2497985393763478	-0.3729324336910121	-0.5012299328829636	0.15814990736714923	-0.08252765552462284	-0.4872661092213261	-0.47290576216471697	1.0295736915420504	-0.6926433643405081	-0.10274433332794236	-0.6522593833894434	-0.029186685386600925	-0.21407443156299072	-0.5969865676784137	-1.0252390662720543	0.3355375087013816	-0.18876382710834075	-0.18647351241371074	-0.5714466741319144	0.2565956442263142	-0.48098259235791824	-0.3605927605405932
TAG	-1.7088129865272548	-2.148107248783675	-1.8527498456326228	-1.8111833392301047	-2.1225789794246457	-2.122492716165056	-2.2132648320298283	-2.170542899021759	-2.047966284940474	-2.1381426346909307	-2.13951475716645	-2.17963659655997	-1.7446363589094582	-2.02724727472015	-2.073314065513113	-1.852524397004622	-1.984745668745465	-2.1850136902130957	-1.9143511329942728	-2.2683593351162132	-2.3057411241175845	-2.036413497829103	-2.1112017420248583	-2.3712786664895864	-2.596403470637564	-1.8851606111695405	-1.9738986946889592	-2.6109518100778004	-2.025990186833722	-1.9960339196353747	-1.7972481993945713	-2.059203335137358	-1.7154352821953747	-1.902624174048181	-1.703171959431363	-1.8727519824889152	-2.2025172697900235	-1.8679450108689728	-1.7575156861312666	-2.2226993544448663	-2.303737543902909	-1.944887064245312	-2.228632150389046	-2.3116202460352864	-1.9555257672591424	-2.0733820493797985	-1.9645875341144694	-1.9894795956397415	-0.48890481714504086	-2.098585643536126	-0.5639947820737483	-1.9595774075414176	-2.1632879605423785	-2.220799396526038	-2.4299874927340146	-2.2031006622133735	-1.4462006477712723	-2.268694606082844	-2.275938119721602	-2.169735496864109	-1.5838444604692687	-2.1337051892748975	-1.9566467217054881	-1.9213482980436531
TAT	0.15952737605489212	-0.3719044217259674	-0.33974431087050266	0.43569719077211083	-0.16515802731348858	-0.739602900437243	-0.8103093804791804	-0.1329762237471194	-0.05907619440740651	-0.7820785399946498	-0.5358895956751372	-0.054134114697243045	0.21497929899513907	-0.5498255484002084	-0.2609801653930672	0.12668961844817342	0.028260979001609152	-0.6236240195675674	-0.5316984736539456	0.329543289720451	-0.1560715631365937	-0.8412858563226854	-0.8387436788984203	-0.22104615134364924	-0.36794470857615313	-0.8093527110229848	-0.7961833291825156	-0.2023055892080482	-0.1907235786623155	-0.7770139187937556	-0.7195414621874959	-0.14215205478408222	-0.047265048890969094	-0.5067836777353062	-0.5293288623107049	0.2138759837242978	-0.321693961144126	-0.804610005542702	-0.877675751849623	-0.3100116195916453	-0.10848191610826195	-0.7453350243771498	-0.6537856598042423	-0.09137957661318176	-0.016443453744025772	-0.6721740856711539	-0.6118152868604442	-0.04618075723387495	0.8132899297149266	-0.224775054926377	0.3841092359427643	0.960874480441085	-0.11025546014419306	-0.7674377169773596	-0.8210555930456679	0.37302108454051885	-0.43267732844513895	-0.4577079979465088	-0.386381441551026	0.5150119535334806	0.3482841853253362	-0.4466690640219843	-0.10310784709741089	0.2776084538043936
TCA	0.10027819639446155	-0.2797647788361447	-0.412411927107082	0.3374374464495325	0.7794238938755274	-0.20677916385537215	-0.3366118588343751	0.4943533661070355	0.22541214344915653	-0.165952607852431	-0.21781767918645728	0.5563235047486215	0.4506006854760589	-0.3692955908773821	-0.06621390727422707	0.23416747059627305	0.19956699498214767	-0.5430946837912479	-0.4112607127581226	0.1243997327931178	0.8317604708501606	-0.29557064685707374	-0.3741583364464531	0.39963938842379526	-0.3188990096220217	-0.7944098652601056	-0.7061469217155913	-0.32519275600164416	0.25761045323480203	-0.45749269493682393	-0.4615924625719672	0.19080198233051243	-0.03112682294821726	-0.47283878713592076	-0.5444953390734881	0.08376737281279766	0.27603420216229424	-0.5862586250577383	-0.6684936570479486	-0.03770397106498765	0.003512199614850817	-0.6540724290615603	-0.4862833983378034	-0.047441851619946004	0.28629368355527196	-0.48397461989022705	-0.4614645431652055	0.14048414978643464	0.4299160598617518	-0.5221531281042657	0.5355756553216375	0.14290169292133517	1.938768342874346	0.25669756121594867	0.3000265912607117	1.0619189423009705	0.613473641237055	-0.3888559285439671	-0.19502292954777495	0.1762988988496249	0.6394687248313466	-0.34196791420101263	0.1864403714998709	0.21660419298780506
TCC	-0.5379839577372372	0.04697912857718572	-0.3526348995421222	-0.4918604410499185	-0.22545769880546657	0.7719027200315675	0.09928770730873387	-0.13320504248447368	-0.5054207847742886	0.44671511974989886	-0.2524160349471953	-0.23368816872142092	-0.4919089587740312	0.283873384454932	-0.16957397062440635	-0.430359047211855	-0.5102636120619495	0.19621806956006616	-0.1433897131379539	-0.4363095634017919	0.03518127537792073	1.0557475331777315	0.42929483931819823	0.26067425271714406	-0.4992524011570719	0.30458350668789524	-0.1374105613849167	-0.4046796719096225	-0.350954667287221	0.7948493216778932	0.15668630466702538	-0.2036942928465164	-0.5641903987613688	0.07862950005296052	-0.3287124538292825	-0.4342298411098812	-0.347166232017126	0.5409978011745229	-0.06343891413117382	-0.2526305389058557	-0.5048562284993023	0.20792529506533144	-0.16614361925247545	-0.4273519858270974	-0.5291619262764964	0.34780813270763017	-0.14706817805329972	-0.4429502132481223	-0.5960247729896682	0.08353223753266292	-0.4387547542198096	-0.536777318016972	0.24641179705553476	2.2489824136860244	0.9632096683103949	0.6243376558564752	-0.19476283549877554	0.2837936846014931	-0.24154977391267984	-0.35271386290494744	-0.48574869099348744	0.4003695249484335	-0.3272728843368173	-0.31568519562707364
TCG	-1.1155103592195788	-0.9525890817176137	-0.9254358829868126	-1.041340529423413	-1.0760272450042156	-0.7578876525078706	-0.03245987051192401	-1.1168423801586551	-1.3138401355771772	-0.712350176314276	-1.0959954171504842	-1.0798546362228432	-1.0303310881146852	-0.7984803524840499	-0.8939303207628665	-1.0382382688522167	-1.126630913612929	-1.0019187777374603	-0.9206329848089475	-1.2896362673090296	-1.038685190133789	-0.5947764613018984	0.23927565600803435	-1.0671931968991173	-1.01422508114839	-0.43432619821498514	-0.5068320289458598	-1.0304211382738484	-1.109097321121769	-0.6561942082302249	-0.6643624004548973	-1.0868914902580504	-1.0599817823292537	-0.7711940794224615	-0.8147512078245823	-0.9895711660797951	-1.0764395873470736	-0.6161412356047455	0.014308525656910133	-1.1157778805497032	-1.2723410198388676	-0.6680960296207142	-0.9232015680143901	-1.1596092969100615	-1.1239457607710077	-0.7625106329031852	-0.7659909064051346	-1.086977706654953	-1.3292161276262815	-0.9246178183758339	-1.5978385516630507	-1.1732175023632632	-0.7695136148541176	-0.38538497445814596	1.2233642314474262	-0.803048063598612	-1.642849079829756	-1.0129204566476508	-1.0478690058493176	-1.3561595718511268	-1.0112059129522752	-0.8110308235632057	-0.8356252675547906	-1.1070045200950773
TCT	0.04574720487356215	-0.13522895207951569	-0.27887284020403186	0.37995872607078024	0.46533563624114455	0.02043855546151786	-0.3171018809475518	0.7641076360503932	0.19390639599475268	0.003951708719774105	-0.13463638704265474	0.6986450576049571	0.3433503307124014	-0.12325384577113556	0.041147941812556994	0.3939519624574966	0.18972206893502233	-0.28963819763694265	-0.249451179770488	0.42601751495101703	0.7396197922400887	0.11783356733791368	-0.17094426184303058	1.0623128697919657	-0.15727681467090035	-0.5332218095817546	-0.5438770203411456	0.11649529891783873	0.30301801894814656	0.06445138441432521	-0.2372494805594532	0.7001458122033515	0.022097345976180828	-0.2815180906926354	-0.3913900689506867	0.29478848652968326	0.2567090712151358	-0.2871145438369875	-0.5150330180546221	0.4445902182884109	0.21389609170204194	-0.3779694970834292	-0.2040342230612983	0.3667399197789902	0.33951301487853086	-0.09872754447236377	-0.2372154439970615	0.5141624505581668	0.318602510708842	-0.2773543170224908	0.43019289160410473	0.9297853505610403	1.4194708030880951	0.9489055737826833	0.5453709342907549	2.6211368813506257	0.3534387953603536	-0.10042174672375005	-0.11714631043992174	0.6062179515887901	0.5540746654672662	0.1011605910228018	0.3957831231145219	0.8544252744028805
TGA	-1.5945663100097391	-2.0342960993501085	-1.7656079884833928	-1.73975736584361	-1.8908721009375862	-1.9545697455086928	-2.047681639977281	-1.9869416741647	-1.577562146368226	-1.9070835241234418	-1.7517706893652139	-1.9507669213126282	-1.6641230972985064	-1.9366995377900968	-1.960017592356213	-1.7693111872771385	-1.7816957743859214	-1.9447265070031674	-1.7490440749732852	-1.9627825909249057	-2.0429740689762315	-1.8568878921227725	-1.9498690366236657	-2.1327904042269514	-2.264660520165307	-1.7752848745488379	-1.7722692469772519	-2.3843285325800068	-1.858648868912441	-1.858663316393313	-1.6700839111341612	-1.8827738877311473	-1.6228483574641783	-1.8171179996920441	-1.6342869480457844	-1.8023215182844514	-2.009580043651341	-1.7602468216145821	-1.6613465142874033	-2.051146821974959	-1.9621403464151062	-1.8131491836267917	-1.9854150052143835	-2.1372672523212626	-1.8318004136814354	-1.9541789883760081	-1.8551208985918541	-1.8637311744681713	-0.056109182802634466	-1.9972467716429185	0.013657803630480015	-1.8526543628128536	-1.9342087625237154	-2.0287863032803557	-2.278994251494627	-2.0185990608769337	2.1561878586293353	-1.887332391488743	-1.8615662996921005	-1.743436580757977	-1.5132567436727147	-2.0126486672251316	-1.8392303646204675	-1.7828865290247609
TGC	-0.8181501315686992	-0.6255867649364776	-0.6842930090493223	-0.8894831880411664	-0.9720723530354234	-0.5887619037888504	-0.6813948173983435	-0.9916045833070767	-0.8402181931430898	-0.4633438099499575	-0.5912841732237938	-0.9067433271835436	-0.8789378708754713	-0.6285683113565309	-0.8556872540278211	-0.8896838723408906	-0.9637262999850461	-0.41230252128772904	-0.5636654749758097	-0.8793959260015934	-0.9464040639752307	-0.4246842510052496	-0.5590732158124747	-0.9237785250088139	-0.997989998666736	-0.25064175835342006	-0.3844733351959876	-0.9665924416644512	-0.9769939088843725	-0.5022185326173045	-0.4521028878150981	-0.9244843998610549	-0.8257383953543831	-0.5062061088164632	-0.560908337197985	-0.8479311799901363	-0.9200761832907466	-0.3513069353826867	-0.4373234338699406	-0.8629905668208462	-0.8622947265018006	-0.3686618475781993	-0.49374852280944115	-0.9267291224213011	-0.9148487129737546	-0.514173865162764	-0.4792120692850012	-0.8803798053928399	-0.38531771540802867	-0.3572939002670604	-0.22253553972423043	-0.776256669179992	-0.9666020059073496	-0.5098321544887761	-0.7841927599387818	-0.9339228346910655	0.39781447638558903	0.5376304779153461	-0.5205381865473632	-0.2393928637424556	-0.8862016385021472	-0.46212115467918524	-0.8719510594749479	-0.8051289810772818
TGG	-0.34596597849451566	-0.3538639106906863	-0.19099009818096782	-0.4490732916584327	-0.4265285623733347	-0.4723595052651951	-0.26010429683444813	-0.5373749730252425	-0.08966185107006562	-0.33006092857404423	0.22997110884594954	-0.40545717315090024	-0.47424789780576687	-0.48314968781430795	-0.348953187972392	-0.5112840127108433	-0.4409540103784059	-0.31897532642092613	-0.2036163973206327	-0.3183842786978032	-0.30118351644442415	-0.3578082983870395	-0.21043428637814682	-0.4383623238149531	-0.19815008651006297	-0.14048566030283444	0.16257315679641937	-0.20721122219729948	-0.4877196415076509	-0.4421056623157068	-0.2733400957331532	-0.4903222313698025	-0.4218679070728926	-0.2652220612098263	-0.25576294245303755	-0.3184755882164109	-0.45901310805816553	-0.4717257346679532	-0.2669393477555032	-0.548950407540536	-0.22563714477868824	-0.23246028634137414	0.0439263098575998	-0.3234059062895787	-0.5088345996607754	-0.4502660715704157	-0.2904286460837846	-0.5018763037287738	-0.11847456088182007	-0.330415158769431	0.686594093263397	-0.37516227273848274	-0.46331856128185417	-0.49111549094782553	-0.38474165676391864	-0.5929327416488523	1.5289790343304472	-0.029075248322724845	0.7297991250882307	-0.10555605500094203	-0.46058905723443405	-0.34193729448672133	-0.31934647056068416	-0.39570506388918925
TGT	-0.45558992935442233	-0.9261713909488319	-0.7974411663316592	-0.4683061280271442	-0.7262913519168108	-1.056663405687905	-1.1618251941570328	-0.7238629415870944	-0.5725845395324924	-0.9754558577871361	-0.7888298557936766	-0.4987302971370011	-0.4370107119922855	-0.939987288507861	-0.8629278983478449	-0.538123491393284	-0.6895738121338881	-0.8699205786543902	-0.8016307481458882	-0.4359153376465664	-0.8068674917894298	-1.0255959711532752	-1.1600984860201617	-0.8037565846929969	-0.9526319940969724	-1.043352403200991	-0.9309890871874277	-0.7701729849724437	-0.7280325926387734	-0.987562724809519	-0.8001727826282172	-0.6714948481611158	-0.5807006037076139	-0.8993036275891966	-0.805169800368983	-0.5869607012658151	-0.8083514507680577	-0.9927884497952564	-1.0378793371823514	-0.7719310638241136	-0.6875088657140515	-1.000902860503608	-0.8496516277199004	-0.6529850642638136	-0.48243626023093183	-0.9250168131362243	-0.748254023862391	-0.4990722141824302	0.37759926465514493	-0.737720714079032	0.48341503407858183	-0.16438387627043688	-0.6332499468227807	-0.9692819671482663	-1.2342838102825011	-0.5493903880187665	0.9713447160095899	-0.29609874707134914	-0.6312288469743677	1.013614546375475	-0.346891741333187	-0.8326266117330497	-0.6115856687871484	-0.3257049525699597
TTA	0.20572371239312667	-0.8058385982498293	-0.6736830874104399	0.26716158833219883	-0.2900950669962194	-1.1626619318144675	-1.2183982032197411	-0.4041341013110773	-0.14593894218230918	-1.1486607328167315	-0.8721513532444897	-0.31031053127170716	0.01879557675808042	-1.0951820183514545	-0.7346012230005418	-0.22711004351220274	-0.04800177879804444	-1.1767077711673282	-0.9030691371165481	-0.2931162452807782	-0.5948728696807688	-1.314398521497024	-1.3363626084462246	-0.812903923298678	-0.8525010689234983	-1.2961404956801252	-1.2394294095335467	-0.791609638606884	-0.4694888025190917	-1.2394591643563564	-1.1340593095201121	-0.5319394884802181	0.030096972646275724	-0.921737183628081	-0.7917872030530567	-0.13596622360984287	-0.5368140262606875	-1.1668349456850406	-1.1540874058940147	-0.6468890601633991	-0.5916104547044987	-1.235880534284051	-1.1587783625863484	-0.5731752722982637	-0.23229370825898216	-1.1944361877331717	-1.0709783494029617	-0.3996714003833749	1.1892543541964549	-1.0661956387372675	0.6633380134410638	-0.089313143580177	-0.06441612243092447	-1.1124938946338894	-1.2009096330985396	-0.3606588921266946	-0.5838339386945283	-1.1899012995984775	-0.9773910026422221	-0.37201240792358126	0.544566395984787	-1.0742571483993142	-0.4584993683433927	-0.18798552751096856
TTC	0.24961904268125581	1.185785773588599	0.7307610226034181	0.2871518952271789	0.1722246339516617	1.059390038050319	0.7529199197907712	0.3325401498019561	0.1955504926554113	0.6608823274617286	0.4925154324947064	0.15063274889118916	0.011228702265110966	1.037734913924433	0.49159732577802606	0.2252220258443588	0.22251172802034452	1.0557044691020327	0.6220884302193088	0.4687776458080565	0.21343369609009671	0.8256683489009967	0.6354758811338072	0.4366881385452338	0.5034918377798688	1.0992575184444393	0.592509995670923	0.694085864823883	0.07788321243374605	1.194611673200047	0.5279341494613101	0.5984026390093575	0.10494631757682396	0.9873149642911467	0.5254651421301965	0.3852630098994563	0.07941578427239802	0.8390911799147703	0.38583138705007336	0.29570248988019027	0.3517119343108267	0.9522812198177177	0.5232328269782739	0.4633852733423658	0.012875496277539046	1.105625200259119	0.5895712352657938	0.2661772821977803	0.033755167789879345	1.1626420654431973	0.3157044182408929	0.3591856120176811	0.24353461375723737	1.257647043190934	0.971914740552265	0.5371861639829663	-0.012686529860253992	1.188488510088156	0.6755809759392846	0.5029914659996496	-0.08587234653335456	1.6133280218244126	0.26392782469992176	0.6342419998872323
TTG	0.557346255711697	0.1835917114479422	0.4804879764419838	0.6903439979136664	0.28018882234751846	-0.27361195308810976	0.025746782653320845	0.3527117772123203	0.564025666085358	-0.1363827069494873	0.5543900117327573	0.5266358179145353	0.2641963653255549	-0.2814825396392923	0.25675724439281616	0.297409078753499	0.5247045718093708	-0.26942610344622797	0.14558730383012405	0.5253381837701601	0.12433196741677244	-0.5050344980556766	-0.2305820412653279	0.06980978198182346	0.3484289025124182	-0.36791485222408554	-0.049175586784344735	0.4942257762814162	0.12219948762505095	-0.38666579047738847	-0.18397564239522998	0.30836854378389206	0.485492787196546	-0.07008096823278223	0.24984059457796864	0.5844038086288411	0.23222689457613963	-0.34093776590310276	-0.14213407227110714	0.2722675201538386	0.2145545496285143	-0.39372981015645336	0.10571808546933	0.3688166679465818	0.18693957895105387	-0.293224151373686	-0.009996786831374536	0.33987273179864746	0.3635327763542299	-0.19589610863243861	0.8161094222237028	0.40241151484765886	0.501926368302174	-0.12220368143707842	0.31693142499849236	0.46250093088809807	0.10892609340801522	-0.14530538857398156	0.2246657978081185	0.40558477129108883	0.39487612599403804	-0.08002959283057721	0.8672636245137094	0.45203711782076456
TTT	1.0139574159802358	0.46644827577468156	0.4388085122306999	1.2630700062730074	0.6638961029461238	-0.019162833329017675	-0.1746763483696152	0.8174217042358423	0.85039009851494	-0.06616263763084418	0.39049629910129174	0.8983328879207914	0.8775304015320664	0.11432766000651504	0.44138740637258755	1.0101445990834803	0.8081064206792197	0.05368458224757481	0.10626446582022195	1.2277858377776032	0.6014168275101004	-0.2014827985946378	-0.3572074114656317	0.7227946905902889	0.5426326250700338	-0.2661988885626702	-0.19941905187132175	0.8119287292554022	0.4930238242854914	-0.06030939710224078	-0.1865140579638362	1.0055878096751827	0.7271721175750447	0.18773410867343096	0.12028407379805854	1.0155678701587676	0.4679903400406764	-0.2521411612716618	-0.45416585671710213	0.5789375180412254	0.8190787859416595	-0.10266620590775483	0.25100101846561834	0.935869826631467	0.7978908960326841	0.10410274391943236	0.10428202274804761	1.0299568794172707	2.073923035062389	0.2765163766762798	2.1413164230209474	1.3345582577974404	0.9729125959543685	0.2297665623594449	0.06770198787246494	1.4768566020271012	1.2120625392968083	0.35383166303635166	0.5064257110763671	1.4590792521371116	1.1337389649080576	0.6349614782585733	0.8378147805347962	2.260214387946295
