	Amino_Acid	Factor	Mean	Pearson_Correlation	Pearson_p_value	Spearman_Correlation	Spearman_p_value
0	M	Amino acid	0.02393987650179244				
1	M	Length	259.81617647058823	-0.32878764791074316	0.006189999000724379	-0.1299392982738413	0.2909102974884181
2	M	GC	0.4933184245220734	-0.07383125278798791	0.5496010324650522	-0.1656678245600641	0.17696636681266462
3	M	Codon+GC	0.033521450652834406	0.04567709737800673	0.7114772102954405	0.1656678245600641	0.17696636681266462
4	M	Codon+GC+Cost	0.03489242681908867	0.042487044767897254	0.7308335105587702	0.1656678245600641	0.17696636681266462
5	W	Amino acid	0.006932436447961067				
6	W	Length	259.81617647058823	0.43202722108911856	0.0002342973114006793	0.4219149425813598	0.00033893914418558504
7	W	GC	0.4933184245220734	0.10336321696610412	0.40158019804460093	0.05663640921549313	0.6464168982597988
8	W	Codon+GC	0.02981374628190642	0.16369403757847567	0.18225410857729918	0.1963459191656168	0.10854766663177617
9	W	Codon+GC+Cost	0.03084832855135964	0.13131533679716773	0.2857874355837239	0.16213485376765788	0.18651136644052677
10	C	Amino acid	0.00792357400004348				
11	C	Length	259.81617647058823	0.36898175569656577	0.00195926624960672	0.31808117043293926	0.008208518670680258
12	C	GC	0.4933184245220734	-0.018791661064551615	0.879107697621694	-0.040271786845822034	0.744375108182818
13	C	Codon+GC	0.02981374628190642	0.1690693984389605	0.16811718556120647	0.1142497232507539	0.3535616891124943
14	C	Codon+GC+Cost	0.03084832855135964	0.17483155520937133	0.15387470569495879	0.08909417108829255	0.46998281738991154
15	D	Amino acid	0.06362548686099931				
16	D	Length	259.81617647058823	0.07482941953418952	0.5442025309568373	0.16694505329967893	0.17360474338750242
17	D	GC	0.4933184245220734	0.49433783805696474	1.8313339532012226e-05	0.3772223653869272	0.0015190767829131049
18	D	Codon+GC	0.02981374628190642	-0.2115957413223594	0.08324042123204313	-0.1925811407991346	0.11562859522603514
19	D	Codon+GC+Cost	0.03084832855135964	-0.36317502401900376	0.002334882109368588	-0.23857921308118754	0.05007843987558477
20	E	Amino acid	0.08097836345022605				
21	E	Length	259.81617647058823	-0.20995433102606287	0.0857164007055827	-0.35881185330050447	0.002658209531707346
22	E	GC	0.4933184245220734	0.21962777120010227	0.07192992245382701	0.1900671859683841	0.12055098674696375
23	E	Codon+GC	0.02981374628190642	-0.2630018544831826	0.030245244240380664	-0.20850511543669692	0.08795047457167113
24	E	Codon+GC+Cost	0.03084832855135964	-0.33177895691680065	0.005710559820450548	-0.2593907468678791	0.03267599717373847
25	F	Amino acid	0.03045145148246745				
26	F	Length	259.81617647058823	0.29193701645223713	0.015708511076258095	0.31212538064868206	0.009563679340121273
27	F	GC	0.4933184245220734	-0.16390098833910555	0.1816943790087065	-0.31373821429934723	0.009178715201528095
28	F	Codon+GC	0.033521450652834406	0.15678966991650764	0.2016502331990952	0.31373821429934723	0.009178715201528095
29	F	Codon+GC+Cost	0.03489242681908867	0.15591658763623453	0.20420387790724556	0.31373821429934723	0.009178715201528095
30	H	Amino acid	0.017516796188713133				
31	H	Length	259.81617647058823	-0.09113757244388164	0.4598180279523979	-0.027622674858772057	0.8230670079778766
32	H	GC	0.4933184245220734	0.30051844336716127	0.012772747685781845	0.4531182900172658	0.00010440914115128892
33	H	Codon+GC	0.02981374628190642	0.016836272000707565	0.8916069778467328	-0.025747960119346734	0.8349001035382737
34	H	Codon+GC+Cost	0.03084832855135964	-0.07524657372549977	0.5419540451825868	-0.1103402204966223	0.3703815248561124
35	K	Amino acid	0.06262662704185622				
36	K	Length	259.81617647058823	-0.2517620595961771	0.038351207043161625	-0.24277478998776458	0.04606378035909401
37	K	GC	0.4933184245220734	-0.8474106298399657	8.181837103442332e-20	-0.8525021949078138	2.906827008877182e-20
38	K	Codon+GC	0.033521450652834406	0.8369604084868966	6.110725021354042e-19	0.8525021949078138	2.906827008877182e-20
39	K	Codon+GC+Cost	0.03489242681908867	0.835252342328719	8.374811312754246e-19	0.8525021949078138	2.906827008877182e-20
40	N	Amino acid	0.03340990504913012				
41	N	Length	259.81617647058823	0.1340650743017417	0.2757298916585188	0.22093689411215497	0.07020893255806453
42	N	GC	0.4933184245220734	-0.6268963985714137	1.0695528519487195e-08	-0.6783982898805205	2.0648031395734352e-10
43	N	Codon+GC	0.033521450652834406	0.6354183836566192	5.85413592041558e-09	0.6783982898805205	2.0648031395734352e-10
44	N	Codon+GC+Cost	0.03489242681908867	0.6364553278564451	5.433319746580948e-09	0.6783982898805205	2.0648031395734352e-10
45	Q	Amino acid	0.021419506244675188				
46	Q	Length	259.81617647058823	0.2907441320464504	0.01615930871115223	0.24934380952494492	0.04031261714433923
47	Q	GC	0.4933184245220734	0.3104870153749228	0.009969063207544673	0.3011060532455052	0.012590346299185304
48	Q	Codon+GC	0.02981374628190642	0.008463697834335602	0.9453870749090837	-0.04510101444086769	0.7149597107037982
49	Q	Codon+GC+Cost	0.03084832855135964	-0.0873845898019823	0.47857935608813384	-0.11129243131811237	0.3662407711174259
50	Y	Amino acid	0.03273453322477732				
51	Y	Length	259.81617647058823	0.2827651043049333	0.01946980655827863	0.20861689039912423	0.08777654865063586
52	Y	GC	0.4933184245220734	-0.43381166006432886	0.0002192534895790038	-0.5046236651722814	1.1441478622574948e-05
53	Y	Codon+GC	0.033521450652834406	0.4203883667627346	0.00035801100511764316	0.5046236651722814	1.1441478622574948e-05
54	Y	Codon+GC+Cost	0.03489242681908867	0.41831126149091824	0.00038553605738330613	0.5046236651722814	1.1441478622574948e-05
55	I	Amino acid	0.0738335111935292				
56	I	Length	259.81617647058823	-0.1968424635755864	0.10763933377667764	-0.13763219341184013	0.2630382990176473
57	I	GC	0.4933184245220734	-0.8212005785322035	9.838513601554861e-18	-0.834675726228194	9.307487664019234e-19
58	I	Codon+GC	0.033521450652834406	0.8041551090094503	1.4855964677727296e-16	0.834675726228194	9.307487664019234e-19
59	I	Codon+GC+Cost	0.03489242681908867	0.8016879591981388	2.1526853121993327e-16	0.834675726228194	9.307487664019234e-19
60	A	Amino acid	0.07250727071371095				
61	A	Length	259.81617647058823	-0.05135693918211498	0.677466195945814	-0.040793342208197275	0.7411797726262721
62	A	GC	0.4933184245220734	0.6663168250216691	5.587334767752869e-10	0.6780165667824559	2.1323063739255412e-10
63	A	Codon+GC	0.06370211356670553	0.6814471466587414	1.594190590182216e-10	0.6780165667824559	2.1323063739255412e-10
64	A	Codon+GC+Cost	0.06554493886115627	0.6807661992549999	1.6894561361445053e-10	0.6780165667824559	2.1323063739255412e-10
65	G	Amino acid	0.07670835170613122				
66	G	Length	259.81617647058823	0.01316706187888607	0.9151301710396453	-0.08031802775809262	0.5149862846271989
67	G	GC	0.4933184245220734	0.32541666272718367	0.006772411043674063	0.5209424833470346	5.254064580139498e-06
68	G	Codon+GC	0.06370211356670553	0.31959671323807637	0.007891719951797167	0.5209424833470346	5.254064580139498e-06
69	G	Codon+GC+Cost	0.06554493886115627	0.3200350775055933	0.007802105439214752	0.5209424833470346	5.254064580139498e-06
70	P	Amino acid	0.04199961710394225				
71	P	Length	259.81617647058823	0.07172140687764281	0.5610961245984772	0.12341083639494402	0.31603285410956816
72	P	GC	0.4933184245220734	0.33122465138694496	0.0057968502972987265	0.3998549452227354	0.0007294386715298422
73	P	Codon+GC	0.06370211356670553	0.32095627313184044	0.007616683870914217	0.3998549452227354	0.0007294386715298422
74	P	Codon+GC+Cost	0.06554493886115627	0.3216386116846746	0.0074818393821593655	0.3998549452227354	0.0007294386715298422
75	T	Amino acid	0.04792621472652199				
76	T	Length	259.81617647058823	0.03361200206301684	0.7855375698817582	-0.002090293041473924	0.9865024802475555
77	T	GC	0.4933184245220734	0.3303274652838227	0.005938953169234352	0.2702078522432131	0.02584641395691053
78	T	Codon+GC	0.11925498512762568	-0.18473942900484974	0.13151072037854789	-0.11478632643855925	0.35129047267767166
79	T	Codon+GC+Cost	0.12339331420543856	-0.28580755114798834	0.018144917612983785	-0.15198595234955892	0.21598509497675775
80	V	Amino acid	0.08537820099843119				
81	V	Length	259.81617647058823	-0.19576234207208265	0.10962277061301887	-0.2568745194359533	0.03446466659702557
82	V	GC	0.4933184245220734	0.3081783714264256	0.010565641018076805	0.4062717703716926	0.0005868150694956159
83	V	Codon+GC	0.05962749256381284	0.2538389286020621	0.03673057232287282	0.2338076288195638	0.05498795187821828
84	V	Codon+GC+Cost	0.06169665710271928	0.16337645007236581	0.1831155001176603	0.17672039471349724	0.14940682568178495
85	L	Amino acid	0.08792436861737551				
86	L	Length	259.81617647058823	0.09934054826417377	0.4202473949091974	0.07303478113643555	0.5539271021253729
87	L	GC	0.4933184245220734	-0.04082684996805429	0.7409746339837604	-0.16650761537580638	0.17475077521672608
88	L	Codon+GC	0.033521450652834406	0.026469697384207607	0.8303400610567597	0.16650761537580638	0.17475077521672608
89	L	Codon+GC+Cost	0.03489242681908867	0.024673951573246002	0.8416958565598016	0.16650761537580638	0.17475077521672608
90	R	Amino acid	0.058796877838581174				
91	R	Length	259.81617647058823	0.03479361069357648	0.7781878290775002	0.045451508993943804	0.7128402270894864
92	R	GC	0.4933184245220734	0.4812733038730339	3.257929095479229e-05	0.4892973365239459	2.2935028267598975e-05
93	R	Codon+GC	0.09351585984861194	0.47077661408078997	5.089752129473423e-05	0.4892973365239459	2.2935028267598975e-05
94	R	Codon+GC+Cost	0.0963932674125159	0.47186784914434293	4.862358644253445e-05	0.4892973365239459	2.2935028267598975e-05
95	S	Amino acid	0.054114918435647696				
96	S	Length	259.81617647058823	0.640899792574132	3.9338879721842815e-09	0.3414112718843699	0.004381486443894621
97	S	GC	0.4933184245220734	0.014051569942222734	0.9094521929891302	-0.046570662393447815	0.7060871286080508
98	S	Codon+GC	0.08944123884571922	0.11769820416766943	0.33912377369559316	0.10751333658290636	0.3828408078140477
99	S	Codon+GC+Cost	0.0925449856540789	0.11442649498111136	0.35281248878990307	0.10041321920161021	0.4152216005710955
