Proteome_ID	M	W	C	D	E	F	H	K	N	Q	Y	I	A	G	P	T	V	L	R	S	codon_pear	p_codon_pear	codon_spear	p_codon_spear	codon_log_mse	gc_pear	p_gc_pear	gc_spear	p_gc_spear	gc_log_mse	shannon_entropy
UP000000674	0.014301056271327328	0.01744728865101934	0.03174834492234667	0.03174834492234667	0.03174834492234667	0.0260232335429071	0.03174834492234667	0.0260232335429071	0.0260232335429071	0.046049401193674	0.0260232335429071	0.037745410814486874	0.0774659616105259	0.0774659616105259	0.0774659616105259	0.06349668984469334	0.06349668984469334	0.08951992338760044	0.10921430653287256	0.09524503476704001	0.7000155015954446	0.0005898212012756208	0.7143904767251226	0.00040209556731505273	0.4661319099847211	0.6852622206361024	0.0008550269292800668	0.6983236509045982	0.0006161479656503103	0.540589035812614	4.098866958202522
UP000001826	0.01189307204968433	0.018472189614398678	0.03036526166408301	0.03036526166408301	0.03036526166408301	0.019550267310863827	0.03036526166408301	0.019550267310863827	0.019550267310863827	0.04225833371376734	0.019550267310863827	0.02720746257204332	0.09432598554965627	0.09432598554965627	0.09432598554965627	0.06073052332816602	0.06073052332816602	0.08028079063902985	0.1246912472137393	0.09109578499224903	0.5957858466815109	0.005571647013131304	0.6421663845726926	0.0022669771533082735	0.6192522494746489	0.6039189139203531	0.0048053298730240815	0.6398769975136699	0.002377830694869761	0.7199774003443237	4.009311870052421
UP000001931	0.019516477579686657	0.008036196650459213	0.027552674230145867	0.027552674230145867	0.027552674230145867	0.06691363741606851	0.027552674230145867	0.06691363741606851	0.06691363741606851	0.047069151809832524	0.06691363741606851	0.11431079725245039	0.0226904376012966	0.0226904376012966	0.0226904376012966	0.055105348460291734	0.055105348460291734	0.12201898587636024	0.05024311183144247	0.08265802269043761	0.3087031701952711	0.18540679874632987	0.3312887705252766	0.15362707726584202	0.8062611179492112	0.6636904725632766	0.0014196508282593467	0.6262141434742321	0.0031376775657001423	0.616214174936801	4.064365117546602
UP000002518	0.013520335602668916	0.017860138847059122	0.03138047444972804	0.03138047444972804	0.03138047444972804	0.023755389001422125	0.03138047444972804	0.023755389001422125	0.023755389001422125	0.044900810052396954	0.023755389001422125	0.03399044240017533	0.0829061714485991	0.0829061714485991	0.0829061714485991	0.06276094889945608	0.06276094889945608	0.0865163379008782	0.11428664589832715	0.09414142334918413	0.7207426719045217	0.000337016331308263	0.7340165887230655	0.00022944201665895715	0.5709086808589403	0.7185739467965035	0.00035814297500054275	0.7051550779243171	0.000515615646016518	0.6161522380801542	4.072936795082064
UP000005223	0.015882621113319194	0.0163396749583068	0.032222296071625994	0.032222296071625994	0.032222296071625994	0.0313209731045875	0.032222296071625994	0.0313209731045875	0.0313209731045875	0.04810491718494519	0.0313209731045875	0.04675932509585581	0.06629911278046788	0.06629911278046788	0.06629911278046788	0.06444459214325199	0.06444459214325199	0.0957655652478395	0.09852140885209387	0.09666688821487798	0.6106340273203257	0.0042401724557354584	0.5989889381772181	0.005258657975569009	0.5763709338845198	0.6078751212627385	0.004465315818241632	0.5844665339092834	0.006803022139186596	0.5863897682573155	4.141727725717379
UP000000641	0.013214018841506522	0.018000434300474183	0.031214453141980705	0.031214453141980705	0.031214453141980705	0.022914356679415777	0.031214453141980705	0.022914356679415777	0.022914356679415777	0.044428471983487226	0.022914356679415777	0.032614694517325044	0.08504206324309958	0.08504206324309958	0.08504206324309958	0.06242890628396141	0.06242890628396141	0.08534326296337719	0.11625651638508029	0.09364335942594212	0.6870947935404029	0.0008174155103884346	0.6931942757673443	0.0007021376723657159	0.6372371694253698	0.6559260803517265	0.0016876978674140656	0.6520217566598369	0.0018377583185861157	0.7377714275395515	4.061947883472522
UP000000578	0.019610549017666703	0.008734050561404008	0.028344599579070713	0.028344599579070713	0.028344599579070713	0.06364208170351457	0.028344599579070713	0.06364208170351457	0.06364208170351457	0.04795514859673741	0.06364208170351457	0.10767361438936243	0.025247958702566693	0.025247958702566693	0.025247958702566693	0.056689199158141426	0.056689199158141426	0.12033128086165598	0.053592558281637406	0.08503379873721213	0.2528339538699543	0.28215160229679037	0.2841861017302136	0.2246261675618442	0.91018051314612	0.6739652647338578	0.0011206900143838725	0.5609360630635849	0.010080877537194088	0.627342507410115	4.089517306903308
UP000007478	0.018541161528809053	0.013166036525343235	0.03170719805415229	0.03170719805415229	0.03170719805415229	0.044651879828553925	0.03170719805415229	0.044651879828553925	0.044651879828553925	0.05024835958296134	0.044651879828553925	0.07076259812829878	0.04503041808342148	0.04503041808342148	0.04503041808342148	0.06341439610830459	0.06341439610830459	0.10806627593685851	0.07673761613757377	0.09512159416245687	0.41082706394738494	0.07195814405697787	0.5016434226674212	0.02422508249061575	0.8350125063182844	0.5203572605997053	0.018668130375880457	0.5267789279649904	0.01701553129241282	0.7100553520182445	4.171558426395289
UP000000536	0.015046067000763814	0.016974353565843654	0.03202042056660747	0.03202042056660747	0.03202042056660747	0.028382900790240858	0.03202042056660747	0.028382900790240858	0.028382900790240858	0.04706648756737128	0.028382900790240858	0.0417197345797179	0.07224824135064864	0.07224824135064864	0.07224824135064864	0.06404084113321494	0.06404084113321494	0.0924237419234558	0.1042686619172561	0.0960612616998224	0.519511858679955	0.01889491552616754	0.5890048319641524	0.0062849881380794195	0.7578515735795055	0.4940666394838209	0.026816297365419954	0.5440620685873546	0.013142689846153247	0.8232163317670453	4.120747730082449
UP000002199	0.016269011282441116	0.016004043671977903	0.03227305495441902	0.03227305495441902	0.03227305495441902	0.03280737705631338	0.03227305495441902	0.03280737705631338	0.03280737705631338	0.04854206623686014	0.03280737705631338	0.04934574283018565	0.06349487033377552	0.06349487033377552	0.06349487033377552	0.06454610990883804	0.06454610990883804	0.09735348696515142	0.09576792528819454	0.09681916486325705	0.485313971485899	0.030076361420367705	0.5275498905047059	0.0168252704196929	0.6927959332536006	0.4886370446980724	0.02880392289373756	0.541959876897699	0.013571659880038616	0.6845349074597527	4.149999218180222
UP000001015	0.019616102062562014	0.009691565864638712	0.029307667927200725	0.029307667927200725	0.029307667927200725	0.05931984710265149	0.029307667927200725	0.05931984710265149	0.05931984710265149	0.048923769989762736	0.05931984710265149	0.09902359214274097	0.028959595861557004	0.028959595861557004	0.028959595861557004	0.05861533585440145	0.05861533585440145	0.11793518295705295	0.058267263788757725	0.08792300378160219	0.4039797541092015	0.07731017439343327	0.424709063635485	0.0619640895481915	0.813322771301431	0.6956438400032164	0.0006598850659357272	0.5632132054034912	0.00971632110643516	0.6020575180513397	4.118197644036304
UP000001975	0.016708200536487847	0.015584562592258945	0.03229276312874679	0.03229276312874679	0.03229276312874679	0.034621052662742395	0.03229276312874679	0.034621052662742395	0.034621052662742395	0.04900096366523464	0.034621052662742395	0.052533904788996943	0.06024210532521368	0.06024210532521368	0.06024210532521368	0.06458552625749359	0.06458552625749359	0.09920657892023597	0.09253486845396047	0.09687828938624037	0.6228647705554894	0.003351922189163697	0.6319608063337623	0.002796626244962626	0.49945805974245533	0.6138967848244342	0.003986111757996286	0.5829484390160125	0.006983923290615304	0.5036830042817757	4.158168590738548
UP000198397	0.010034763637521281	0.018775646576794834	0.028810410214316115	0.028810410214316115	0.028810410214316115	0.015397906837360373	0.028810410214316115	0.015397906837360373	0.015397906837360373	0.038845173851837396	0.015397906837360373	0.020761050037199465	0.10781202217735486	0.10781202217735486	0.10781202217735486	0.05762082042863223	0.05762082042863223	0.07301872726599261	0.136622432391671	0.08643123064294835	0.5758658011758292	0.007880780787436717	0.6115496498559017	0.0041675609080499216	0.6608206881756729	0.6113976948614478	0.0041795396700735525	0.6148284317747006	0.003915926849076668	0.851065499632145	3.920103816266141
UP000000805	0.019629140649708533	0.009106302363266847	0.02873544301297538	0.02873544301297538	0.02873544301297538	0.06194084382796917	0.02873544301297538	0.06194084382796917	0.06194084382796917	0.04836458366268392	0.06194084382796917	0.10425254700622978	0.026661751249152415	0.026661751249152415	0.026661751249152415	0.05747088602595076	0.05747088602595076	0.11941172985391993	0.0553971942621278	0.08620632903892615	0.20134657233404252	0.3946372632927286	0.2951767244490616	0.2064264111203156	0.9221162302058147	0.5689799218738211	0.008840836492152889	0.5184294060520006	0.019188495292023097	0.672074601526033	4.1014379985339495
UP000011554	0.010681043295036394	0.01871841442316478	0.029399457718201173	0.029399457718201173	0.029399457718201173	0.016775826928486545	0.029399457718201173	0.016775826928486545	0.016775826928486545	0.04008050101323757	0.016775826928486545	0.02287061056193669	0.10304447200234383	0.10304447200234383	0.10304447200234383	0.058798915436402345	0.058798915436402345	0.0755747423648889	0.132443929720545	0.08819837315460352	0.5772950499031452	0.007692607862771355	0.6060543384964776	0.004619244489053822	0.6281356676014077	0.5980105933596347	0.005352679971911885	0.6140693843280652	0.003973031096649663	0.7767002552167636	3.9532571568505515
UP000001686	0.016249060596812553	0.016022102360046614	0.03227116295685917	0.03227116295685917	0.03227116295685917	0.03272829436686309	0.03227116295685917	0.03272829436686309	0.03272829436686309	0.04852022355367172	0.03272829436686309	0.04920752813691363	0.0636408330305529	0.0636408330305529	0.0636408330305529	0.06454232591371833	0.06454232591371833	0.09727062028058144	0.09591199598741208	0.09681348887057752	0.6488497005385411	0.001967757441024223	0.6068393829763953	0.00455234823805265	0.7263183763031116	0.6517037200123802	0.0018504588211375097	0.5988884353953566	0.005268253446808161	0.721520006924845	4.149595970915587
UP000001974	0.019434631549368832	0.010893851765341269	0.0303284833147101	0.0303284833147101	0.0303284833147101	0.05410601423344284	0.0303284833147101	0.05410601423344284	0.05410601423344284	0.04976311486407893	0.05410601423344284	0.08877739691751685	0.03400054183263463	0.03400054183263463	0.03400054183263463	0.0606569666294202	0.0606569666294202	0.11476298086286306	0.06432902514734473	0.09098544994413031	0.4714358109878453	0.035874011504079234	0.48358739962931374	0.030754664542032795	0.7767180548142036	0.7128377663804151	0.00041953668363882884	0.617105574114607	0.0037486775739053358	0.5630419685039108	4.145440684644611
UP000000590	0.019583000801147693	0.0100534537959682	0.02963645459711589	0.02963645459711589	0.02963645459711589	0.057728490715424345	0.02963645459711589	0.057728490715424345	0.057728490715424345	0.04921945539826359	0.057728490715424345	0.095873980629701	0.030429322859543792	0.030429322859543792	0.030429322859543792	0.05927290919423178	0.05927290919423178	0.11700139990965613	0.06006577745665968	0.08890936379134769	0.3030190586523308	0.19405571381020936	0.36897090556132706	0.10939399361706979	0.8738204710646119	0.5832750120424305	0.006944678853405092	0.5465141615775116	0.012656212262038734	0.6248178965602904	4.127393942934699
UP000001013	0.018707976558282005	0.012852523405987245	0.03156049996426925	0.03156049996426925	0.03156049996426925	0.04593907942032306	0.03156049996426925	0.04593907942032306	0.04593907942032306	0.05026847652255126	0.04593907942032306	0.07317018228236412	0.0433646111573576	0.0433646111573576	0.0433646111573576	0.0631209999285385	0.0631209999285385	0.10906007934886157	0.07492511112162686	0.09468149989280776	0.43303247543562373	0.05649744783398733	0.5094938674665984	0.021753440451266617	0.8295851589139168	0.535597168318646	0.014939239832598192	0.4971760775462085	0.02572769462533474	0.7170918804200185	4.169962649475661
UP000002698	0.010494572806634283	0.01874030858327551	0.02923488138990979	0.02923488138990979	0.02923488138990979	0.01637153357834948	0.02923488138990979	0.01637153357834948	0.01637153357834948	0.03972945419654407	0.01637153357834948	0.022248494350064676	0.10441029067824927	0.10441029067824927	0.10441029067824927	0.05846976277981958	0.05846976277981958	0.07484129635816907	0.13364517206815907	0.08770464416972937	0.5431133455052547	0.013334909575653184	0.6139047832956548	0.003985504797337316	0.6638558003019426	0.5882041880847368	0.006373947424228588	0.6254550960275966	0.0031852043476526615	0.7950365785388105	3.943934472026595
UP000001024	0.01706883309795727	0.015205386798880942	0.03227421989683821	0.03227421989683821	0.03227421989683821	0.036229481043286965	0.03227421989683821	0.036229481043286965	0.036229481043286965	0.04934305299479548	0.036229481043286965	0.05539012898861666	0.057501528586894966	0.057501528586894966	0.057501528586894966	0.06454843979367642	0.06454843979367642	0.1007779208369634	0.08977574848373318	0.09682265969051464	0.5656577713360234	0.009336967211398426	0.6107646053759839	0.004229753722490188	0.7183757202504266	0.6041472533857548	0.004785141260695605	0.6375998551737636	0.0024925432363534505	0.6510472136869297	4.163771888311036
UP000002439	0.015487666577852128	0.01665403492790178	0.03214170150575391	0.03214170150575391	0.03214170150575391	0.029890651624127546	0.03214170150575391	0.029890651624127546	0.029890651624127546	0.04762936808360604	0.029890651624127546	0.04429363667040296	0.06912455363476121	0.06912455363476121	0.06912455363476121	0.06428340301150783	0.06428340301150783	0.09417405463563536	0.1012662551405151	0.09642510451726172	0.6298974391632209	0.0029153396837502655	0.6735681637694013	0.0011311669661954583	0.48192867623263275	0.6269450240722633	0.0030924729246397603	0.6338046179405865	0.0026939768442445625	0.5023411912062921	4.132321331833946
UP000053352	0.01075818754443223	0.018708094905416604	0.029466282449848835	0.029466282449848835	0.029466282449848835	0.016944739399461936	0.029466282449848835	0.016944739399461936	0.016944739399461936	0.040224469994281066	0.016944739399461936	0.023131291254491638	0.10248157625154629	0.10248157625154629	0.10248157625154629	0.05893256489969767	0.05893256489969767	0.0758773042991596	0.13194785870139508	0.08839884734954649	0.7171406532496944	0.00037271590720794996	0.7669884568796097	7.958514452802333e-05	0.5715898752313641	0.7219651426143389	0.00032558270965556656	0.6990826983512337	0.000604215864646989	0.7030903328625652	3.9570577632886987
UP000001018	0.019311390164359024	0.011355386725859049	0.030666776890218073	0.030666776890218073	0.030666776890218073	0.0521530536922817	0.030666776890218073	0.0521530536922817	0.0521530536922817	0.0499781670545771	0.0521530536922817	0.08499471722020438	0.036065048477634726	0.036065048477634726	0.036065048477634726	0.061333553780436145	0.061333553780436145	0.11348660747271785	0.0667318253678528	0.09200033067065423	0.48510324931625926	0.030158511442291036	0.49693315578791486	0.02581146333045373	0.7880718555831701	0.6910355622477562	0.0007412506871964945	0.6209008113477841	0.003483100348167	0.592962135434606	4.1534268599243145
UP000000365	0.015627018339666853	0.01654625471258843	0.03217327305225528	0.03217327305225528	0.03217327305225528	0.030385868993796663	0.03217327305225528	0.030385868993796663	0.030385868993796663	0.047800291391922135	0.030385868993796663	0.04514471964792647	0.0681316370518347	0.0681316370518347	0.0681316370518347	0.06434654610451056	0.06434654610451056	0.09473241509830722	0.10030491010408998	0.09651981915676586	0.5932483166872287	0.005830344269830397	0.6688578968898949	0.001261870348821609	0.4622513201264077	0.5842617290630459	0.006827200789286866	0.6209008113477841	0.003483100348167	0.4903261460863716	4.135745337267388
UP000002487	0.017598258552554973	0.014579833361239327	0.0321780919137943	0.0321780919137943	0.0321780919137943	0.03883983905689135	0.0321780919137943	0.03883983905689135	0.03883983905689135	0.049776350466349276	0.03883983905689135	0.06008141956122772	0.05331791399526297	0.05331791399526297	0.05331791399526297	0.0643561838275886	0.0643561838275886	0.10319602288447995	0.08549600590905727	0.0965342757413829	0.5385294232396839	0.014295852425813486	0.4914378444284909	0.027764664364902273	0.5274276791815252	0.5973783706200974	0.0054141716957380875	0.5449960666842409	0.012955643467312634	0.4420837790939653	4.169849402304017
UP000008243	0.009149548483994146	0.018766592146002594	0.027916140629996738	0.027916140629996738	0.027916140629996738	0.013610360378325812	0.027916140629996738	0.013610360378325812	0.013610360378325812	0.037065689113990885	0.013610360378325812	0.01807117227265748	0.11451730681794284	0.11451730681794284	0.11451730681794284	0.055832281259993476	0.055832281259993476	0.0694426416383193	0.1424334474479396	0.08374842188999022	0.5851733710583311	0.006720113550944896	0.6657177189702241	0.0013558835411839893	0.650952035145287	0.6009715043052962	0.005072296527285184	0.6338046179405865	0.0026939768442445625	0.9413654534830999	3.8706495623011428
UP000001137	0.01801447466910361	0.0140146931407649	0.03202916780986851	0.03202916780986851	0.03202916780986851	0.04117026512018613	0.03202916780986851	0.04117026512018613	0.04117026512018613	0.05004364247897212	0.04117026512018613	0.06432605557126865	0.04983536480020021	0.04983536480020021	0.04983536480020021	0.06405833561973702	0.06405833561973702	0.10522860073992314	0.08186453261006872	0.09608750342960552	0.6586445331018036	0.0015893996349378725	0.6751382527292368	0.0010902185759825982	0.6189480823171609	0.708772165742586	0.00046828184583937	0.6816246070786188	0.0009340300292913305	0.5511500839425396	4.172380112697085
UP000001400	0.018955804431554483	0.0123266478723152	0.03128245230386969	0.03128245230386969	0.03128245230386969	0.04810586415333449	0.03128245230386969	0.04810586415333449	0.04810586415333449	0.05023825673542417	0.04810586415333449	0.07725592387511451	0.040684928516185895	0.040684928516185895	0.040684928516185895	0.06256490460773938	0.06256490460773938	0.11067076876107387	0.07196738082005558	0.09384735691160906	0.3669743938726823	0.11147525813812106	0.40508295163754204	0.07642846746249649	0.8349032441786308	0.5208853216349666	0.01852758045892337	0.47895893882695817	0.03263225586456001	0.6728260625224022	4.1658069255406645
UP000002071	0.010467096065894521	0.01874316844183965	0.029210264507734167	0.029210264507734167	0.029210264507734167	0.016312431148521093	0.029210264507734167	0.016312431148521093	0.016312431148521093	0.03967736057362869	0.016312431148521093	0.022157766231147666	0.1046121874591514	0.1046121874591514	0.1046121874591514	0.058420529015468334	0.058420529015468334	0.07473296016398943	0.13382245196688558	0.08763079352320251	0.5671481563782953	0.009111662774337946	0.613119738815737	0.0040454435718760935	0.688690144151309	0.5849128620732444	0.006750573057365694	0.6178646215612423	0.0036942614383141076	0.8493811851387946	3.942544342612463
UP000000554	0.008820102314917257	0.018736193674883404	0.027556295989800663	0.027556295989800663	0.027556295989800663	0.01297218390606215	0.027556295989800663	0.01297218390606215	0.01297218390606215	0.036376398304717915	0.01297218390606215	0.017124265497207043	0.1170734942051886	0.1170734942051886	0.1170734942051886	0.055112591979601326	0.055112591979601326	0.06808477588566347	0.14462979019498926	0.08266888796940197	0.5630310010830064	0.009745090459878657	0.6476616959321166	0.0020183848103442537	0.6363570995180629	0.613491739897702	0.004016948650740445	0.6535398515531077	0.0017781359426692137	0.9031763163776583	3.8509544298723855
UP000002408	0.013925093379007636	0.017656218877689103	0.03158131225669674	0.03158131225669674	0.03158131225669674	0.024907525515658942	0.03158131225669674	0.024907525515658942	0.024907525515658942	0.04550640563570437	0.024907525515658942	0.03588995765231025	0.0800865813208099	0.0800865813208099	0.0800865813208099	0.06316262451339348	0.06316262451339348	0.08807015002905243	0.11166789357750663	0.09474393677009021	0.6718948348720071	0.0011762266400405289	0.7245960549640529	0.000302092920518197	0.36613307445312476	0.6520551331763766	0.0018364297014398048	0.6861788917584314	0.0008360345749631756	0.48470387749755756	4.086755200400872
UP000001169	0.011231292717541367	0.018628804140731373	0.02986009685827274	0.02986009685827274	0.02986009685827274	0.01800263107904638	0.02986009685827274	0.01800263107904638	0.01800263107904638	0.04109138957581411	0.01800263107904638	0.02477396944055139	0.09905500817857787	0.09905500817857787	0.09905500817857787	0.05972019371654548	0.05972019371654548	0.07772282479559187	0.12891510503685064	0.08958029057481821	0.5893791559861121	0.006243748221830003	0.6484467404120344	0.001984809294853526	0.5652851864808937	0.6041702937355069	0.004783108044304487	0.6429131873002116	0.0022317640145797756	0.7040359007546142	3.9796615656599488
UP000002613	0.017785628174085587	0.01433468539403913	0.03212031356812472	0.03212031356812472	0.03212031356812472	0.03985298164933992	0.03212031356812472	0.03985298164933992	0.03985298164933992	0.0499059417422103	0.03985298164933992	0.06192033512459426	0.05177602784115626	0.05177602784115626	0.05177602784115626	0.06424062713624944	0.06424062713624944	0.10409360878558936	0.08389634140928098	0.09636094070437413	0.397466751828965	0.08267050330882914	0.4820173106694783	0.03138184609039072	0.8181584041200736	0.45983004435503017	0.041360364528897665	0.5282970228582613	0.016642520065306424	0.7198702033036075	4.1712701975000535
UP000000740	0.009426752397921151	0.01878061753503363	0.028207369932954782	0.028207369932954782	0.028207369932954782	0.014158421130642244	0.028207369932954782	0.014158421130642244	0.014158421130642244	0.03763412233087593	0.014158421130642244	0.018890089863363338	0.11239328328955696	0.11239328328955696	0.11239328328955696	0.056414739865909565	0.056414739865909565	0.07057316099655181	0.14060065322251172	0.08462210979886435	0.5582252720372209	0.010529265543548466	0.6060543384964776	0.004619244489053822	0.6565482134019119	0.5890312838833436	0.006282066561270157	0.6125512894347944	0.0040893092831504885	0.91773137781411	3.886664639054567
UP000000254	0.019429782609756193	0.010914349601153643	0.030344132210909834	0.030344132210909834	0.030344132210909834	0.05401878388404934	0.030344132210909834	0.05401878388404934	0.05401878388404934	0.04977391482066603	0.05401878388404934	0.08860778515834249	0.034090599359274346	0.034090599359274346	0.034090599359274346	0.06068826442181967	0.06068826442181967	0.11470704830586902	0.06443473157018417	0.09103239663272951	0.4844213743492967	0.03042554714481225	0.5173443122657756	0.01948643178452352	0.7297552134900992	0.6862024588345447	0.0008355510337826061	0.60496081496844	0.004713778429261636	0.5963182476926373	4.14582410991654
UP000007722	0.01962201402444895	0.008910306387133565	0.02853232041158251	0.02853232041158251	0.02853232041158251	0.06283303479604029	0.02853232041158251	0.06283303479604029	0.06283303479604029	0.04815433443603147	0.06283303479604029	0.1060440555676316	0.025912907460599443	0.025912907460599443	0.025912907460599443	0.05706464082316502	0.05706464082316502	0.11989767561920532	0.05444522787218196	0.08559696123474754	0.2495215965592072	0.2887170825342166	0.3093075250875806	0.18450279861690852	0.9216459419572715	0.62698246776633	0.0030901717076758047	0.5882617711424606	0.006367515092599815	0.6177997005415097	4.095286961601212
UP000001059	0.018095564826392664	0.013895159174034425	0.03199072400042709	0.03199072400042709	0.03199072400042709	0.041661287412577706	0.03199072400042709	0.041661287412577706	0.041661287412577706	0.05008628882681975	0.041661287412577706	0.06522700999876276	0.04912985102628064	0.04912985102628064	0.04912985102628064	0.06398144800085417	0.06398144800085417	0.10564273541343189	0.08112057502670772	0.09597217200128126	0.5049211171710745	0.023167453840151155	0.53304520186413	0.015517944151817177	0.5517528969313015	0.5643495561025293	0.009538450231505902	0.5457551141308762	0.012805221239307421	0.45650208124866987	4.17258756659397
UP000001879	0.011182902584493042	0.018638170974155068	0.02982107355864811	0.02982107355864811	0.02982107355864811	0.017892644135188866	0.02982107355864811	0.017892644135188866	0.017892644135188866	0.041003976143141156	0.017892644135188866	0.02460238568588469	0.09940357852882704	0.09940357852882704	0.09940357852882704	0.05964214711729622	0.05964214711729622	0.0775347912524851	0.12922465208747516	0.08946322067594434	0.5577658720639955	0.010606833381962279	0.6139047832956548	0.003985504797337316	0.6088080529967367	0.5719291263090719	0.008418605596703465	0.6269731909208676	0.0030907417119324077	0.7329626595429076	3.977404417954582
UP000002376	0.017268546459213028	0.01497994391642576	0.03224849037563879	0.03224849037563879	0.03224849037563879	0.03717534307191693	0.03224849037563879	0.03717534307191693	0.03717534307191693	0.04951703683485182	0.03717534307191693	0.057082139684620836	0.0559491881215902	0.0559491881215902	0.0559491881215902	0.06449698075127758	0.06449698075127758	0.10167232382319451	0.088197678497229	0.09674547112691637	0.6218329531704742	0.0034203188183685607	0.6084094719362309	0.004420955183290593	0.6028737400874462	0.6618898170963403	0.0014783857581457636	0.6520217566598369	0.0018377583185861157	0.5495308777454891	4.166390425196129
UP000000663	0.013529166583214826	0.01785591675541241	0.03138508333862723	0.03138508333862723	0.03138508333862723	0.023780017936500555	0.03138508333862723	0.023780017936500555	0.023780017936500555	0.044914249921842064	0.023780017936500555	0.03403086928978629	0.0828446352566151	0.0828446352566151	0.0828446352566151	0.06277016667725446	0.06277016667725446	0.08655018461375504	0.11422971859524234	0.09415525001588171	0.6418971639133355	0.0022797846579859157	0.6484467404120344	0.001984809294853526	0.44348776416889146	0.5977222096914738	0.005380657223872019	0.6095150996482527	0.004330324216714573	0.6306182765705394	4.073246829088447
UP000000391	0.019253344396276413	0.011541601467931822	0.030794945864208233	0.030794945864208233	0.030794945864208233	0.05137118103026425	0.030794945864208233	0.05137118103026425	0.05137118103026425	0.05004829026048465	0.05137118103026425	0.0834890176642521	0.036920649740204654	0.036920649740204654	0.036920649740204654	0.06158989172841647	0.06158989172841647	0.11296107275868073	0.06771559560441288	0.09238483759262471	0.4152411425655431	0.0686580639152165	0.4331148864376401	0.056445220981686715	0.6407522328352648	0.6100121348309694	0.004290084546023053	0.6086053705132793	0.004404783628763459	0.45402620754503253	4.156266263134889
UP000001941	0.017239477814918844	0.01501350128387163	0.03225297909879048	0.03225297909879048	0.03225297909879048	0.03703496653615058	0.03225297909879048	0.03703496653615058	0.03703496653615058	0.04949245691370932	0.03703496653615058	0.0568304552573823	0.056176892166574614	0.056176892166574614	0.056176892166574614	0.06450595819758095	0.06450595819758095	0.10154092473373151	0.08842987126536511	0.09675893729637142	0.6411113459954157	0.0023175140912262597	0.6476616959321166	0.0020183848103442537	0.38416847060745096	0.6725728933103826	0.001157788972289539	0.6580941362329203	0.0016089039111114483	0.3369667410545914	4.166032425545899
UP000000262	0.013693801880502409	0.017775362255832858	0.03146916413633527	0.03146916413633527	0.03146916413633527	0.02424324707568643	0.03146916413633527	0.02424324707568643	0.02424324707568643	0.045162966016837676	0.02424324707568643	0.03479269227087045	0.08169766107220766	0.08169766107220766	0.08169766107220766	0.06293832827267054	0.06293832827267054	0.08718157534835697	0.11316682520854293	0.0944074924090058	0.5610520562778457	0.01006204307040966	0.6272505394542559	0.0030737380868797043	0.6499027942528631	0.5275631917960512	0.016822002898438434	0.5776351068895644	0.007648381783823994	0.7673168958130142	4.078957109754878
UP000001746	0.009258077723699692	0.01877332427305771	0.0280314019967574	0.0280314019967574	0.0280314019967574	0.013823705094291323	0.0280314019967574	0.013823705094291323	0.013823705094291323	0.03728947972045709	0.013823705094291323	0.018389332464882953	0.11368290809796057	0.11368290809796057	0.11368290809796057	0.0560628039935148	0.0560628039935148	0.06988650908780612	0.141714310094718	0.08409420599027222	0.576096370556181	0.007850172491527892	0.6602224076108002	0.001534581161530956	0.6512957009980929	0.5982474705118228	0.005329789292886872	0.6429131873002116	0.0022317640145797756	0.8762187959946063	3.876979071067966
UP000002593	0.014792600436006303	0.017144397603066772	0.03193699803907307	0.03193699803907307	0.03193699803907307	0.02755601346022311	0.03193699803907307	0.02755601346022311	0.02755601346022311	0.046729598475079376	0.02755601346022311	0.04031942648443992	0.07402898428831725	0.07402898428831725	0.07402898428831725	0.06387399607814614	0.06387399607814614	0.09143000953836927	0.10596598232739032	0.09581099411721923	0.6975834588971674	0.0006279754400015842	0.7230259660042175	0.0003159305432262441	0.48170980481099984	0.6968640160923547	0.0006396552223322052	0.6869379392050668	0.0008205790378780627	0.5023097657856164	4.11362702946151
UP000000242	0.017157806674855943	0.01510640797289027	0.03226421464774622	0.03226421464774622	0.03226421464774622	0.03664558500177784	0.03226421464774622	0.03664558500177784	0.03664558500177784	0.04942202132260216	0.03664558500177784	0.05613336332869974	0.05681336765590391	0.05681336765590391	0.05681336765590391	0.06452842929549243	0.06452842929549243	0.10117401429727026	0.08907758230365012	0.09679264394323865	0.6340357756797976	0.002681332128333068	0.6194000946550788	0.003586184080903953	0.6214926067322979	0.6720093467012593	0.0011730956132339945	0.6353227128338573	0.002611835005890929	0.5656322037104378	4.164983846520158
UP000009079	0.018858016568138847	0.012544319391140818	0.031402335959279666	0.031402335959279666	0.031402335959279666	0.04720748518381777	0.031402335959279666	0.04720748518381777	0.04720748518381777	0.050260352527418506	0.04720748518381777	0.07555695379949669	0.041777557091200256	0.041777557091200256	0.041777557091200256	0.06280467191855933	0.06280467191855933	0.11001215710237708	0.07317989305047994	0.09420700787783898	0.4044407375719791	0.07694082758189896	0.5016434226674212	0.02422508249061575	0.8345537756807543	0.5268004297531853	0.01701020175507928	0.4948989352063022	0.026521420257140684	0.7059765073379106	4.167748343964856
UP000002654	0.014112442574732686	0.017554501739301634	0.03166694431403432	0.03166694431403432	0.03166694431403432	0.025457739546576607	0.03166694431403432	0.025457739546576607	0.025457739546576607	0.04577938688876701	0.025457739546576607	0.03680303651842053	0.07878117853735367	0.07878117853735367	0.07878117853735367	0.06333388862806864	0.06333388862806864	0.08879162817464524	0.110448122851388	0.09500083294210296	0.6895814809077823	0.0007686230232406625	0.7033998540062746	0.0005400106249186248	0.5085844564831179	0.6786232234173436	0.001003774110426621	0.661130326019462	0.001503764084918817	0.580590715690233	4.0928785511431816
UP000008680	0.01940854755864502	0.011001379680519084	0.030409927239164105	0.030409927239164105	0.030409927239164105	0.05364895460533754	0.030409927239164105	0.05364895460533754	0.05364895460533754	0.049818474797809126	0.05364895460533754	0.08788936165203007	0.03447462048400287	0.03447462048400287	0.03447462048400287	0.06081985447832821	0.06081985447832821	0.11446880908366575	0.06488454772316697	0.09122978171749231	0.3264895692610863	0.1600389633110214	0.35484010492280815	0.12474171539669981	0.8302885421135965	0.5707231555438697	0.008589227437551885	0.5002122673327503	0.02469869423953643	0.5832438032599054	4.147422258773467
UP000006681	0.017403582280858032	0.014820537739540379	0.03222412002039841	0.03222412002039841	0.03222412002039841	0.03784040323361712	0.03222412002039841	0.03784040323361712	0.03784040323361712	0.04962770230125644	0.03784040323361712	0.058277224186376216	0.05488281425957641	0.05488281425957641	0.05488281425957641	0.06444824004079681	0.06444824004079681	0.10228864327441396	0.08710693427997483	0.09667236006119523	0.6577330093952231	0.0016218098554872692	0.6683241493353249	0.0012774514569348174	0.5613928587953985	0.6946339013630982	0.0006770368037489745	0.7069389893298353	0.0004917872215937618	0.5071472284271203	4.167944549379806
UP000002457	0.01352480963101909	0.017858001066199964	0.03138281069721905	0.03138281069721905	0.03138281069721905	0.02376786398392325	0.03138281069721905	0.02376786398392325	0.02376786398392325	0.04490762032823814	0.02376786398392325	0.034010918336827414	0.08287499523925809	0.08287499523925809	0.08287499523925809	0.0627656213944381	0.0627656213944381	0.08653348537836135	0.11425780593647715	0.09414843209165717	0.707428854729862	0.00048541005207801424	0.746577300401749	0.00015616337700040083	0.2765293598330619	0.6708690296707688	0.0012045898499533595	0.711986504944036	0.00042936880066948813	0.41557296421268414	4.073093914708007
UP000001304	0.019470503986060473	0.01073373937693077	0.030204243362991243	0.030204243362991243	0.030204243362991243	0.054789092611937616	0.030204243362991243	0.054789092611937616	0.054789092611937616	0.049674747349051716	0.054789092611937616	0.09010768123781478	0.03330211447714418	0.03330211447714418	0.03330211447714418	0.06040848672598249	0.06040848672598249	0.1151975793379201	0.06350635784013542	0.09061273008897372	0.5340061899869888	0.015297946761248113	0.5832880485788637	0.006943116004755368	0.6657464812264552	0.7104533912328935	0.00044757102480608586	0.6672027055925456	0.0013107164047247149	0.5580380655530616	4.142353391455648
UP000000346	0.013341686339288244	0.017943409419092376	0.03128509575838062	0.03128509575838062	0.03128509575838062	0.02326179629267046	0.03128509575838062	0.02326179629267046	0.02326179629267046	0.04462678209766886	0.02326179629267046	0.033181906246052675	0.08415147345430421	0.08415147345430421	0.08415147345430421	0.06257019151676124	0.06257019151676124	0.0858319878094317	0.11543656921268483	0.09385528727514186	0.730936594684203	0.0002513408426505944	0.7285212773636415	0.0002697399413302658	0.5291885823154415	0.6953688570095882	0.0006645182034176622	0.6922512713315148	0.0007190030807605276	0.6530473101372197	4.066583327189483
UP000009227	0.0196078431372549	0.00980392156862745	0.029411764705882353	0.029411764705882353	0.029411764705882353	0.058823529411764705	0.029411764705882353	0.058823529411764705	0.058823529411764705	0.04901960784313725	0.058823529411764705	0.09803921568627451	0.029411764705882346	0.029411764705882346	0.029411764705882346	0.058823529411764705	0.058823529411764705	0.11764705882352941	0.05882352941176469	0.08823529411764705	0.2282831969567028	0.3330236146623923	0.30616734716790966	0.18923250826347507	0.9336049143668737	0.5435078958978772	0.0132546966452708	0.5064086020101183	0.02269971681137252	0.6815517841841524	4.121146577359947
UP000000792	0.019557760920218884	0.010246024431133777	0.02980378535135266	0.02980378535135266	0.02980378535135266	0.056889900305925445	0.02980378535135266	0.056889900305925445	0.056889900305925445	0.04936154627157154	0.056889900305925445	0.094222039691632	0.031227533059219825	0.031227533059219825	0.031227533059219825	0.05960757070270532	0.05960757070270532	0.11649747100863075	0.061031318410572494	0.08941135605405798	0.3949461550511546	0.08481714363847931	0.4496070217326364	0.046711248999101125	0.6808932318145152	0.6091087269821909	0.004363455307604282	0.5694997228758073	0.008765190790609187	0.5281776454734588	4.1319338720286325
UP000006565	0.016541748972771796	0.015748651419282736	0.03229040039205453	0.03229040039205453	0.03229040039205453	0.03391653566359685	0.03229040039205453	0.03391653566359685	0.03391653566359685	0.04883214936482633	0.03391653566359685	0.05129132235442191	0.06148446102048739	0.06148446102048739	0.06148446102048739	0.06458080078410906	0.06458080078410906	0.0984973364477059	0.09377486141254192	0.09687120117616359	0.526283480875297	0.017138706026383458	0.585643182018617	0.006665466681596542	0.5711720144466397	0.5389728394608673	0.014200531316762185	0.5920570083756377	0.00595515832928999	0.5456948254363605	4.155236316415375
UP000000758	0.013094492341702882	0.01805196416172526	0.03114645650342814	0.03114645650342814	0.03114645650342814	0.022592945149983227	0.03114645650342814	0.022592945149983227	0.022592945149983227	0.04424094884513102	0.022592945149983227	0.03209139795826357	0.0858765199738168	0.0858765199738168	0.0858765199738168	0.06229291300685628	0.06229291300685628	0.08488585815683951	0.11702297647724495	0.09343936951028443	0.69577034323439	0.000657762844945469	0.7214558770443821	0.0003303049660938911	0.35885824414100376	0.7101610306823567	0.00045111557772887275	0.6983236509045982	0.0006161479656503103	0.5111160735381921	4.057536243749839
UP000001901	0.0183984794617243	0.013414613820076101	0.0318130932818004	0.0318130932818004	0.0318130932818004	0.04363245570909798	0.0318130932818004	0.04363245570909798	0.04363245570909798	0.0502115727435247	0.04363245570909798	0.06886643195647166	0.04639082938187696	0.04639082938187696	0.04639082938187696	0.0636261865636008	0.0636261865636008	0.10725864227269877	0.07820392266367737	0.09543927984540121	0.4214675482421029	0.06419783030500659	0.4953630668280795	0.02635809528462948	0.7347093976165064	0.5185256572744031	0.019162243846605035	0.5131160739255526	0.02068275637800256	0.6110840448372099	4.172340018137294
UP000012076	0.012350049936464293	0.01833310003049361	0.030683149966957906	0.030683149966957906	0.030683149966957906	0.020669632177300137	0.030683149966957906	0.020669632177300137	0.020669632177300137	0.0430331999034222	0.020669632177300137	0.028989214418135983	0.09109554382189317	0.09109554382189317	0.09109554382189317	0.06136629993391581	0.06136629993391581	0.08203593211121595	0.12177869378885106	0.09204944990087371	0.5502700476143318	0.01193936098547437	0.5652320255407564	0.009402153978509513	0.5198162186140733	0.5035186600856447	0.023615418153421025	0.5078027417991046	0.02226816099638867	0.8545066997870956	4.0284924231853445
UP000002315	0.019623264149188635	0.008935593496505538	0.028558857645694175	0.028558857645694175	0.028558857645694175	0.06271749130034798	0.028558857645694175	0.06271749130034798	0.06271749130034798	0.04818212179488281	0.06271749130034798	0.10581171845150734	0.026008959641614336	0.026008959641614336	0.026008959641614336	0.05711771529138835	0.05711771529138835	0.11983520659173634	0.05456781728730851	0.08567657293708253	0.30377891239116495	0.1928841404998172	0.4262791525953204	0.06090348635069169	0.842584409855489	0.5639456567287123	0.009601365848399686	0.45618751542789515	0.043209560234988016	0.7259851642565153	4.096096113976262
UP000005877	0.010786569341118822	0.01870411322025394	0.02949068256137276	0.02949068256137276	0.02949068256137276	0.017007130389945967	0.02949068256137276	0.017007130389945967	0.017007130389945967	0.04027725190249158	0.017007130389945967	0.02322769143877311	0.10227479157210352	0.10227479157210352	0.10227479157210352	0.05898136512274552	0.05898136512274552	0.07598849551269149	0.13176547413347628	0.0884720476841183	0.6604215416599737	0.0015277770502651147	0.6892690533677557	0.0007746145612774793	0.5336138458125756	0.6460184419089279	0.002090205111991898	0.6026836726285337	0.004915766117328572	0.8554964800174722	3.958447817871303
UP000006794	0.009389671361502348	0.018779342723004695	0.028169014084507046	0.028169014084507046	0.028169014084507046	0.014084507042253523	0.028169014084507046	0.014084507042253523	0.014084507042253523	0.03755868544600939	0.014084507042253523	0.0187793427230047	0.11267605633802816	0.11267605633802816	0.11267605633802816	0.05633802816901409	0.05633802816901409	0.07042253521126761	0.1408450704225352	0.08450704225352113	0.5442127600254215	0.013112365229107052	0.6123346943358193	0.004106126573903507	0.684697116505972	0.5639113527812448	0.009606724905614792	0.6239370011343258	0.0032820538195487236	0.9478196094374421	3.8845510431200285
UP000006663	0.011714647013016055	0.018519636281590222	0.030234283294606278	0.030234283294606278	0.030234283294606278	0.01912477929385274	0.030234283294606278	0.01912477929385274	0.01912477929385274	0.041948930307622326	0.01912477929385274	0.026534911574689422	0.0955945030573326	0.0955945030573326	0.0955945030573326	0.060468566589212555	0.060468566589212555	0.07959334588306528	0.12582878635193886	0.09070284988381884	0.5951009064269355	0.005640526091357829	0.6539420517714584	0.0017626142346707505	0.576857133744115	0.6081367436135674	0.004443550764839853	0.6573350887862849	0.001636131193995977	0.6947158954870647	4.001538629842973
UP000006622	0.018793338454753658	0.012680641206591658	0.03147397966134532	0.03147397966134532	0.03147397966134532	0.04664599704833703	0.03147397966134532	0.04664599704833703	0.04664599704833703	0.050267318116098976	0.04664599704833703	0.0744986556419204	0.042473586520028944	0.042473586520028944	0.042473586520028944	0.06294795932269064	0.06294795932269064	0.10959395637102766	0.07394756618137426	0.09442193898403596	0.49768920292266705	0.02555145482525714	0.5401106021833894	0.013958285805468705	0.5655079062793709	0.6069995475240576	0.004538798864649401	0.5275379754116258	0.01682819784684842	0.4414054073304735	4.168805659055012
UP000192315	0.019310307962662285	0.011359004683918986	0.030669312646581272	0.030669312646581272	0.030669312646581272	0.05213783149918818	0.030669312646581272	0.05213783149918818	0.05213783149918818	0.04997962060924356	0.05213783149918818	0.08496535503571408	0.036081544290095593	0.036081544290095593	0.036081544290095593	0.061338625293162544	0.061338625293162544	0.11347645679235072	0.06675085693667687	0.09200793793974381	0.36287925621261863	0.11583326181654698	0.3571952383625613	0.12208295409738981	0.9903042384157221	0.6584639367503435	0.0015957773914810369	0.5981293879487212	0.005341190129413625	0.6851044957785566	4.153484121809486
UP000007807	0.015060041095420317	0.016964693351605827	0.03202473444702614	0.03202473444702614	0.03202473444702614	0.02842926817751668	0.03202473444702614	0.02842926817751668	0.02842926817751668	0.047084775542446465	0.02842926817751668	0.041798495259613044	0.07214984290124124	0.07214984290124124	0.07214984290124124	0.06404946889405227	0.06404946889405227	0.09247873707156896	0.1041745773482674	0.09607420334107843	0.656685349929569	0.001659743553561707	0.6829886975284138	0.0009037114911743979	0.42608826663286614	0.6376910192712831	0.0024878637269925797	0.6603712785728265	0.0015294920702103526	0.4825974700990659	4.121130354136791
UP000014070	0.018435098707262745	0.013352347509870749	0.031787446217133496	0.031787446217133496	0.031787446217133496	0.0438877664194597	0.031787446217133496	0.0438877664194597	0.0438877664194597	0.05022254492439624	0.0438877664194597	0.06934043413165666	0.04604662389741155	0.04604662389741155	0.04604662389741155	0.06357489243426699	0.06357489243426699	0.10746265885372668	0.07783407011454503	0.09536233865140048	0.5149986666898947	0.020143086484546244	0.5919235378579587	0.005969277862776594	0.5547535527394172	0.5922829843317472	0.005931315445050092	0.6057198624150755	0.004647991867327611	0.44581837781448225	4.172185115771033
UP000011511	0.009665780290757492	0.0187844409424155	0.028450221233172993	0.028450221233172993	0.028450221233172993	0.014639434226778337	0.028450221233172993	0.014639434226778337	0.014639434226778337	0.03811600152393048	0.014639434226778337	0.01961308816279918	0.11058010517044595	0.11058010517044595	0.11058010517044595	0.056900442466345985	0.056900442466345985	0.07153987669312432	0.13903032640361898	0.08535066369951898	0.5684636969772927	0.00891648747632906	0.6123346943358193	0.004106126573903507	0.6547474014701783	0.5947560670995489	0.005675468112431713	0.6239370011343258	0.0032820538195487236	0.8648027337505086	3.9000811020263386
UP000007490	0.01920467439790683	0.011687055143463038	0.03089172954136987	0.03089172954136987	0.03089172954136987	0.050762625840953736	0.03089172954136987	0.050762625840953736	0.050762625840953736	0.050096403939276696	0.050762625840953736	0.08232057728400063	0.037598486612851485	0.037598486612851485	0.037598486612851485	0.06178345908273974	0.06178345908273974	0.11254608492369346	0.06849021615422135	0.0926751886241096	0.40035762628293337	0.08025832993071007	0.4466903090731811	0.048331308294182536	0.7180207021593559	0.5859112249159998	0.006634452425060083	0.5563817783837722	0.010843339121466075	0.5335394643889394	4.15833102994298
UP000058290	0.013937784387625147	0.017649476969112274	0.03158726135673742	0.03158726135673742	0.03158726135673742	0.024944446736651013	0.03158726135673742	0.024944446736651013	0.024944446736651013	0.045525045744362565	0.024944446736651013	0.035951109085676884	0.07999817278391107	0.07999817278391107	0.07999817278391107	0.06317452271347485	0.06317452271347485	0.08811896945012586	0.11158543414064849	0.09476178407021227	0.5431203170644431	0.013333488853355393	0.5950637157776295	0.0056442860242089015	0.5170732313258182	0.4965319015827684	0.025950302440323758	0.5578998732770432	0.010584160076698589	0.6971009369669774	4.087175473048802
UP000012672	0.01339815267970618	0.01791752955375632	0.0313156822334625	0.0313156822334625	0.0313156822334625	0.0234168605986829	0.0313156822334625	0.0234168605986829	0.0234168605986829	0.044713834913168674	0.0234168605986829	0.033435568517659615	0.08375776501845492	0.08375776501845492	0.08375776501845492	0.062631364466925	0.062631364466925	0.08604822506560789	0.11507344725191741	0.09394704670038749	0.5446255572202161	0.013029584417407754	0.5511012249022375	0.011785249431561517	0.534868949677078	0.5156168776364185	0.01996833531435374	0.5351284498779801	0.015044208546173402	0.7462023021008786	4.068608276399923
