	M	W	C	D	E	F	H	K	N	Q	Y	I	A	G	P	T	V	L	R	S	codon_cor	p_codon_cor	codon_log_mse	gc_cor	p_gc_cor	gc_log_mse	shannon_entropy
UP000000674	0.014135359086320048	0.03138049717163051	0.03138049717163051	0.03138049717163051	0.03138049717163051	0.02572171899313976	0.03138049717163051	0.042966857078450216	0.02572171899313976	0.03138049717163051	0.03730807889995946	0.03730807889995946	0.07656841309877846	0.07656841309877846	0.07656841309877846	0.06276099434326102	0.06276099434326102	0.08848271333640079	0.07656841309877846	0.10827685060121159	0.6977065650515427	0.0006259951008991901	0.5594761774692678	0.6923068000408501	0.0007180005502240894	0.5824888805432139	4.1414492240338365
UP000001826	0.011802696497990777	0.030134515792558294	0.030134515792558294	0.030134515792558294	0.030134515792558294	0.019401704669807375	0.030134515792558294	0.03773352396437489	0.019401704669807375	0.030134515792558294	0.027000712841623975	0.027000712841623975	0.09360920161464978	0.09360920161464978	0.09360920161464978	0.06026903158511659	0.06026903158511659	0.07967073625492396	0.09360920161464978	0.10220624387566567	0.62904087369466	0.0029658377858975847	0.6809534562738097	0.5667113186175101	0.00917723671087189	0.6692812058791322	4.064696998179947
UP000001931	0.018633311534600117	0.026305851578258987	0.026305851578258987	0.026305851578258987	0.026305851578258987	0.06388563954720038	0.026305851578258987	0.07155817959085925	0.06388563954720038	0.026305851578258987	0.10913796755980065	0.10913796755980065	0.021663642476213284	0.021663642476213284	0.021663642476213284	0.052611703156517975	0.052611703156517975	0.11649734270371835	0.021663642476213284	0.09755086626937708	0.40331227911916095	0.07784730089059377	0.8021686793902546	0.5743695796799089	0.00808178373538774	0.8535660150163628	4.0273176915151065
UP000002518	0.01338335623692941	0.031062547616175176	0.031062547616175176	0.031062547616175176	0.031062547616175176	0.023514714641410844	0.031062547616175176	0.04119390602065661	0.023514714641410844	0.031062547616175176	0.03364607304589228	0.03364607304589228	0.08206621931170997	0.08206621931170997	0.08206621931170997	0.06212509523235035	0.06212509523235035	0.0856398098737612	0.08206621931170997	0.10657099908545493	0.7521655616449322	0.00013066725567562008	0.599096571112209	0.744382975265162	0.00016728051654733858	0.579536805989217	4.120098230918759
UP000005223	0.015641147571562045	0.03173240010921221	0.03173240010921221	0.03173240010921221	0.03173240010921221	0.030844780525737744	0.03173240010921221	0.04693603306338791	0.030844780525737744	0.03173240010921221	0.04604841347991343	0.04604841347991343	0.06529112540456614	0.06529112540456614	0.06529112540456614	0.06346480021842442	0.06346480021842442	0.09430958074416218	0.06529112540456614	0.11083834789919868	0.5903670935051514	0.006135971393527756	0.6535728609985421	0.5781987102111082	0.007575540332384638	0.6560651296316333	4.173421384742205
UP000000641	0.013087069842723786	0.030914571355716108	0.030914571355716108	0.030914571355716108	0.030914571355716108	0.022694215125730006	0.030914571355716108	0.040521716638722324	0.022694215125730006	0.030914571355716108	0.032301360408736234	0.032301360408736234	0.08422505178635652	0.08422505178635652	0.08422505178635652	0.061829142711432215	0.061829142711432215	0.08452335783716222	0.08422505178635652	0.1058307839098721	0.7363803452410512	0.0002137614432900799	0.6493705849394706	0.7244714965029251	0.00030317147328210516	0.6692894478177892	4.110786642158627
UP000000578	0.01878348345209184	0.02714917959053607	0.02714917959053607	0.02714917959053607	0.02714917959053607	0.060958007216305655	0.02714917959053607	0.06932370335474988	0.060958007216305655	0.02714917959053607	0.10313253098051947	0.10313253098051947	0.024183138068267405	0.024183138068267405	0.024183138068267405	0.05429835918107214	0.05429835918107214	0.11525636639737778	0.024183138068267405	0.10023102222370005	0.4056800615797431	0.07595437480511599	0.820725078476921	0.5146351433931984	0.020246411725231235	0.7430563857119296	4.058010962895644
UP000007478	0.018069357622081537	0.03090036726903194	0.03090036726903194	0.03090036726903194	0.03090036726903194	0.04351565482382022	0.03090036726903194	0.05634666447077062	0.04351565482382022	0.03090036726903194	0.06896195202555891	0.06896195202555891	0.04388456068175219	0.04388456068175219	0.04388456068175219	0.06180073453806388	0.06180073453806388	0.10531638936188412	0.04388456068175219	0.11077045942917736	0.5564288782368071	0.010835221303036296	0.7790128750624608	0.56747714472375	0.00906253048434758	0.7409750714898261	4.175883980948447
UP000000536	0.01484804114392793	0.031598990087889946	0.031598990087889946	0.031598990087889946	0.031598990087889946	0.028009344813905646	0.031598990087889946	0.04476029375786767	0.028009344813905646	0.031598990087889946	0.04117064848388336	0.04117064848388336	0.07129736030661091	0.07129736030661091	0.07129736030661091	0.06319798017577989	0.06319798017577989	0.09120732498968555	0.07129736030661091	0.10964501140759778	0.630856604068408	0.0028596441307723263	0.7197570869527944	0.6132743956826853	0.004033576753796678	0.7532962170169518	4.158502799347356
UP000002199	0.016004325886958347	0.03174799500051346	0.03174799500051346	0.03174799500051346	0.03174799500051346	0.03227362405681336	0.03174799500051346	0.04801729317036847	0.03227362405681336	0.03174799500051346	0.048542922226668374	0.048542922226668374	0.06246185335605904	0.06246185335605904	0.06246185335605904	0.06349599000102692	0.06349599000102692	0.09576961405784028	0.06246185335605904	0.11124831088849874	0.5635322256185537	0.009666115389593779	0.6730912894443313	0.5529264487051923	0.011452473200108683	0.6693326525466305	4.178616327075854
UP000001015	0.018867011065546987	0.028188479715508443	0.028188479715508443	0.028188479715508443	0.028188479715508443	0.05705456711648586	0.028188479715508443	0.06637603576644731	0.05705456711648586	0.028188479715508443	0.09524212316742474	0.09524212316742474	0.02785369967138126	0.02785369967138126	0.02785369967138126	0.056376959431016886	0.056376959431016886	0.11343152654750276	0.02785369967138126	0.10343245021207233	0.5351188360915677	0.015046367724756178	0.7382865026338903	0.5085085345432793	0.022052179594995287	0.6948611995091104	4.094341432965382
UP000001975	0.01641417583203427	0.03172448708285041	0.03172448708285041	0.03172448708285041	0.03172448708285041	0.0340118042427941	0.03172448708285041	0.049322115493610236	0.0340118042427941	0.03172448708285041	0.05160943265355392	0.05160943265355392	0.0591819871410187	0.0591819871410187	0.0591819871410187	0.06344897416570082	0.06344897416570082	0.09746077840849492	0.0591819871410187	0.11158763708058553	0.5595859215175834	0.01030222214207509	0.6503045043755706	0.5490973181739929	0.012159569550083286	0.666856936619397	4.183030594627047
UP000198397	0.009981232856401462	0.028656720120671247	0.028656720120671247	0.028656720120671247	0.028656720120671247	0.015315766190067788	0.028656720120671247	0.033991253454337574	0.015315766190067788	0.028656720120671247	0.020650299523734112	0.020650299523734112	0.10723689535127981	0.10723689535127981	0.10723689535127981	0.057313440241342495	0.057313440241342495	0.07262920643141028	0.10723689535127981	0.09595139321841521	0.5643214864387477	0.009542811785166229	0.8005500962198135	0.5399074048991144	0.014001303412324723	0.8791825935275938	3.9829972601323766
UP000000805	0.018832313395172037	0.027568953630045658	0.027568953630045658	0.027568953630045658	0.027568953630045658	0.059426411158098436	0.027568953630045658	0.06816305139297206	0.059426411158098436	0.027568953630045658	0.10002050892102482	0.10002050892102482	0.0255794415124135	0.0255794415124135	0.0255794415124135	0.055137907260091316	0.055137907260091316	0.11456431841818976	0.0255794415124135	0.10153917428530902	0.40094449665857884	0.0797750848003495	0.8568388290288974	0.4602614898501669	0.04114545235250525	0.8150664897994989	4.072900069995376
UP000011554	0.010616339005816586	0.029221359852425452	0.029221359852425452	0.029221359852425452	0.029221359852425452	0.016674201279427835	0.029221359852425452	0.03527922212603671	0.016674201279427835	0.029221359852425452	0.022732063553039084	0.022732063553039084	0.10242024278289664	0.10242024278289664	0.10242024278289664	0.058442719704850904	0.058442719704850904	0.07511692098427875	0.10242024278289664	0.09828041856309294	0.538275879372344	0.014350587709660724	0.7804836009656679	0.5192301000306376	0.018970985884628234	0.8410050201415139	4.013754246543938
UP000001686	0.015985629668543177	0.031747980563427425	0.031747980563427425	0.031747980563427425	0.031747980563427425	0.032197700926438144	0.031747980563427425	0.047960051821322396	0.032197700926438144	0.031747980563427425	0.048409772184333115	0.048409772184333115	0.06260908331054978	0.06260908331054978	0.06260908331054978	0.06349596112685485	0.06349596112685485	0.09569366205329301	0.06260908331054978	0.11122957135882547	0.6148341789311671	0.003915497089370977	0.7252354134500644	0.5896861018047065	0.006210097512273298	0.7239695384817086	4.17837682734632
UP000001974	0.018783385599157904	0.02931218918612982	0.02931218918612982	0.02931218918612982	0.02931218918612982	0.05229294550805562	0.02931218918612982	0.06282174909502752	0.05229294550805562	0.02931218918612982	0.08580250541695333	0.08580250541695333	0.032861198639158984	0.032861198639158984	0.032861198639158984	0.05862437837225964	0.05862437837225964	0.11091732388031528	0.032861198639158984	0.10671995315754736	0.5651107472589417	0.009420790751905645	0.7194360789246512	0.6540154947288562	0.0017597922210525487	0.6473632533434601	4.1312527025461465
UP000000590	0.018863445433611365	0.028547496362540743	0.028547496362540743	0.028547496362540743	0.028547496362540743	0.05560732216848641	0.028547496362540743	0.06529137309741578	0.05560732216848641	0.028547496362540743	0.09235119890336146	0.09235119890336146	0.029311231571267	0.029311231571267	0.029311231571267	0.057094992725081485	0.057094992725081485	0.11270231489356791	0.029311231571267	0.10450593452123359	0.46092831899332687	0.04081499062416293	0.8282475625462716	0.623382450479261	0.0033180366759460443	0.751206712188995	4.10644077586418
UP000001013	0.018212042554161756	0.03072385549496731	0.03072385549496731	0.03072385549496731	0.03072385549496731	0.044721269919036674	0.03072385549496731	0.05723308285984224	0.044721269919036674	0.03072385549496731	0.07123049728391159	0.07123049728391159	0.042215048820597824	0.042215048820597824	0.042215048820597824	0.06144771098993462	0.06144771098993462	0.10616898090897131	0.042215048820597824	0.11038360903906369	0.5564288782368071	0.010835221303036296	0.7704099060411008	0.5176984478181578	0.01938879344063442	0.7507535317169423	4.1717065596917875
UP000002698	0.010433256964731333	0.02906407297318014	0.02906407297318014	0.02906407297318014	0.02906407297318014	0.016275880864980875	0.02906407297318014	0.03490669687342969	0.016275880864980875	0.02906407297318014	0.02211850476523042	0.02211850476523042	0.10380026061850052	0.10380026061850052	0.10380026061850052	0.05812814594636028	0.05812814594636028	0.07440402681134116	0.10380026061850052	0.09762547588427176	0.5485362700348666	0.012266075070782558	0.8178728021117132	0.5414390571115941	0.01367966298081526	0.8475284809113972	4.005146224662706
UP000001024	0.016747931871554055	0.031667451016583484	0.031667451016583484	0.031667451016583484	0.031667451016583484	0.035548351593369616	0.031667451016583484	0.05046787073839905	0.035548351593369616	0.031667451016583484	0.054348771315185174	0.054348771315185174	0.05642047571481538	0.05642047571481538	0.05642047571481538	0.06333490203316697	0.06333490203316697	0.0988832536265366	0.05642047571481538	0.11175028492130452	0.6550864807610638	0.001719068285222465	0.733069676851657	0.6647370602162145	0.0013864227803142058	0.6964564838030117	4.185307585761118
UP000002439	0.01526776518421385	0.03168533805555359	0.03168533805555359	0.03168533805555359	0.03168533805555359	0.029466249670749914	0.03168533805555359	0.04588382254208965	0.029466249670749914	0.03168533805555359	0.04366473415728598	0.04366473415728598	0.06814308973233932	0.06814308973233932	0.06814308973233932	0.06337067611110718	0.06337067611110718	0.09283692578185708	0.06814308973233932	0.1103237793508746	0.7095454773544534	0.0004586565699453332	0.45103758059790094	0.7045600177406882	0.0005237790119668801	0.4543595349691153	4.166970586228053
UP000053352	0.0106920406803273	0.02928510860687224	0.02928510860687224	0.02928510860687224	0.02928510860687224	0.016840554436175086	0.02928510860687224	0.03543362236272003	0.016840554436175086	0.02928510860687224	0.022989068192022875	0.022989068192022875	0.10185146687024269	0.10185146687024269	0.10185146687024269	0.05857021721374448	0.05857021721374448	0.07541077164991958	0.10185146687024269	0.09854736650094402	0.7592689090266787	0.0001034784340307878	0.645744634184277	0.6915409739346103	0.0007319318729424033	0.6448028856325446	4.017253661967765
UP000001018	0.018697338465603973	0.029691653593318663	0.029691653593318663	0.029691653593318663	0.029691653593318663	0.050494722989911374	0.029691653593318663	0.061489038117626064	0.050494722989911374	0.029691653593318663	0.08229210751421878	0.08229210751421878	0.03491827426330359	0.03491827426330359	0.03491827426330359	0.05938330718663733	0.05938330718663733	0.10987803017654871	0.03491827426330359	0.10777229924555998	0.5722140946406882	0.00837869467708252	0.7457942598228966	0.6448255814539776	0.0021436684570049387	0.6844469258854171	4.14296937415904
UP000000365	0.015399735936861675	0.03170533869353874	0.03170533869353874	0.03170533869353874	0.03170533869353874	0.02994393098834215	0.03170533869353874	0.046249533745019215	0.02994393098834215	0.03170533869353874	0.04448812603982262	0.04448812603982262	0.06714071723337614	0.06714071723337614	0.06714071723337614	0.06341067738707748	0.06341067738707748	0.09335460837541963	0.06714071723337614	0.1105157520174779	0.6977065650515427	0.0006259951008991901	0.5051826643834545	0.6586104513662956	0.001590601590641931	0.5179272803799597	4.169372074430006
UP000002487	0.017232218985701833	0.03150879530179653	0.03150879530179653	0.03150879530179653	0.03150879530179653	0.038031979698388736	0.03150879530179653	0.052308556014483434	0.038031979698388736	0.03150879530179653	0.05883174041107563	0.05883174041107563	0.05220891414246188	0.05220891414246188	0.05220891414246188	0.06301759060359306	0.06301759060359306	0.1010495703019818	0.05220891414246188	0.11175860489109143	0.539065140192538	0.014180753934459712	0.5198262168589918	0.573603753573669	0.008186273348471013	0.48337556588646874	4.18600511095194
UP000008243	0.00910891532616274	0.027792165009752012	0.027792165009752012	0.027792165009752012	0.027792165009752012	0.013549916748526781	0.027792165009752012	0.03223316643211605	0.013549916748526781	0.027792165009752012	0.017990918170890824	0.017990918170890824	0.11400873529547906	0.11400873529547906	0.11400873529547906	0.055584330019504025	0.055584330019504025	0.06913424676803082	0.11400873529547906	0.09248541035541877	0.6172019613917492	0.0037417309651833776	0.7845560069567131	0.5728379274674291	0.008291863239496844	0.9425047755845176	3.936456741737402
UP000001137	0.017606775856843365	0.031304292179930575	0.031304292179930575	0.031304292179930575	0.031304292179930575	0.040238510600653726	0.031304292179930575	0.05393602692374094	0.040238510600653726	0.031304292179930575	0.06287024534446409	0.06287024534446409	0.048707504043181055	0.048707504043181055	0.048707504043181055	0.06260858435986115	0.06260858435986115	0.10284709496051486	0.048707504043181055	0.11151965239663508	0.7079669557140654	0.0004784860481974037	0.5956503500236449	0.6754586257035728	0.0010820185264041814	0.582245899260857	4.183762674774313
UP000001400	0.018418892611908304	0.030396395558026368	0.030396395558026368	0.030396395558026368	0.030396395558026368	0.046743294331964974	0.030396395558026368	0.058720797278083034	0.046743294331964974	0.030396395558026368	0.07506769605202165	0.07506769605202165	0.039532552256941654	0.039532552256941654	0.039532552256941654	0.060792791116052736	0.060792791116052736	0.10753608544801772	0.039532552256941654	0.1096080792859874	0.49249875180108893	0.02737880435744242	0.7653551474830917	0.5575214053426315	0.010648299223327731	0.7092879548690652	4.163244031815634
UP000002071	0.010406267942809206	0.029040512978404032	0.029040512978404032	0.029040512978404032	0.029040512978404032	0.016217633645615195	0.029040512978404032	0.03485187868121003	0.016217633645615195	0.029040512978404032	0.022028999348421185	0.022028999348421185	0.10400424778085579	0.10400424778085579	0.10400424778085579	0.058081025956808065	0.058081025956808065	0.07429865960242327	0.10400424778085579	0.0975278068780213	0.5485362700348666	0.012266075070782558	0.840180866102996	0.5245908827743168	0.017564903282469093	0.9054853798000432	4.003859806273701
UP000000554	0.00878363195835956	0.027442353100673656	0.027442353100673656	0.027442353100673656	0.027442353100673656	0.012918545052963365	0.027442353100673656	0.03157726619527746	0.012918545052963365	0.027442353100673656	0.017053458147567167	0.017053458147567167	0.11658940548096854	0.11658940548096854	0.11658940548096854	0.05488470620134731	0.05488470620134731	0.06780325125431068	0.11658940548096854	0.09111069126038052	0.5714248338204941	0.008489613769264047	0.8039915898045609	0.5705404491487095	0.008615321125027345	0.9339933835072245	3.9177354637699553
UP000002408	0.013773823299360185	0.03123824040141975	0.03123824040141975	0.03123824040141975	0.03123824040141975	0.02463695186376124	0.03123824040141975	0.0421013689658208	0.02463695186376124	0.03123824040141975	0.035500080428162294	0.035500080428162294	0.07921659049163858	0.07921659049163858	0.07921659049163858	0.0624764808028395	0.0624764808028395	0.08711343266660075	0.07921659049163858	0.10748854450361943	0.7150703030958118	0.0003946557872426343	0.4467955236406933	0.6769902779160527	0.0010435300284118434	0.4993101554085421	4.131599369324643
UP000001169	0.011155753337018924	0.02965926394653755	0.02965926394653755	0.02965926394653755	0.02965926394653755	0.017881549059933714	0.02965926394653755	0.03638505966945234	0.017881549059933714	0.02965926394653755	0.024607344782848508	0.024607344782848508	0.0983887844282371	0.0983887844282371	0.0983887844282371	0.0593185278930751	0.0593185278930751	0.07720007695300882	0.0983887844282371	0.10013354517663157	0.5769496595618526	0.007737741356963961	0.7093850314757494	0.5406732310053542	0.013839730431254806	0.7589554191301441	4.037939106107709
UP000002613	0.017401620464258572	0.03142680710709384	0.03142680710709384	0.03142680710709384	0.03142680710709384	0.03899251992917198	0.03142680710709384	0.053017706572007245	0.03899251992917198	0.03142680710709384	0.060583419394085396	0.060583419394085396	0.05065813682934529	0.05065813682934529	0.05065813682934529	0.06285361421418768	0.06285361421418768	0.10184613414335966	0.05065813682934529	0.11168204178554009	0.5351188360915677	0.015046367724756178	0.7558568067157161	0.5575214053426315	0.010648299223327731	0.7151942998031855	4.185346695308556
UP000000740	0.009382358187048304	0.02807453055454403	0.02807453055454403	0.02807453055454403	0.02807453055454403	0.01409174366774008	0.02807453055454403	0.032783916035235804	0.01409174366774008	0.02807453055454403	0.018801129148431853	0.018801129148431853	0.11186397999310585	0.11186397999310585	0.11186397999310585	0.05614906110908806	0.05614906110908806	0.07024080477682813	0.11186397999310585	0.09360594985068038	0.5485362700348666	0.012266075070782558	0.7939384508971031	0.5322491438367155	0.015702101871689585	0.9309880189678138	3.951605563862405
UP000000254	0.018780194440328205	0.029329648946137318	0.029329648946137318	0.029329648946137318	0.029329648946137318	0.05221279543617314	0.029329648946137318	0.06276224994198225	0.05221279543617314	0.029329648946137318	0.08564539643201806	0.08564539643201806	0.032950861953186514	0.032950861953186514	0.032950861953186514	0.058659297892274635	0.058659297892274635	0.11087209332844777	0.032950861953186514	0.10676914127874015	0.611677135650391	0.004157533001093469	0.6640276848368026	0.6356356681790991	0.002595163719807704	0.6687659889359012	4.131801564976236
UP000007722	0.018809247250796773	0.027350478324585873	0.027350478324585873	0.027350478324585873	0.027350478324585873	0.060230416996138535	0.027350478324585873	0.06877164806992764	0.060230416996138535	0.027350478324585873	0.10165158674148028	0.10165158674148028	0.02483956452207862	0.02483956452207862	0.02483956452207862	0.054700956649171746	0.054700956649171746	0.1149313736453103	0.02483956452207862	0.1008606822245544	0.3993659750181907	0.08107981285521179	0.876954261921963	0.5307174916242359	0.016061363313390087	0.7793919797284461	4.06518514175695
UP000001059	0.01767894765044655	0.03125419628120992	0.03125419628120992	0.03125419628120992	0.03125419628120992	0.04070211271564908	0.03125419628120992	0.05427736134641245	0.04070211271564908	0.03125419628120992	0.06372527778085162	0.06372527778085162	0.047998726356473766	0.047998726356473766	0.047998726356473766	0.06250839256241984	0.06250839256241984	0.10321050527806892	0.047998726356473766	0.11144153649407629	0.5619537039781656	0.009916610202762619	0.5894103692212138	0.5628821880863107	0.009768638803344118	0.5648734439807014	4.182968997537619
UP000001879	0.01110836830412244	0.02962231547765984	0.02962231547765984	0.02962231547765984	0.02962231547765984	0.017773389286595904	0.02962231547765984	0.0362873364601333	0.017773389286595904	0.02962231547765984	0.024438410269069365	0.024438410269069365	0.09874105159219945	0.09874105159219945	0.09874105159219945	0.05924463095531968	0.05924463095531968	0.07701802024191558	0.09874105159219945	0.09997531473710194	0.5295940103502094	0.01632905327391967	0.7549475248984805	0.5085085345432793	0.022052179594995287	0.8001829803872834	4.03588382728661
UP000002376	0.0169314946390837	0.03161905625371053	0.03161905625371053	0.03161905625371053	0.03161905625371053	0.036449745403582964	0.03161905625371053	0.051137307018209795	0.036449745403582964	0.03161905625371053	0.055967996168082235	0.055967996168082235	0.05485715783776286	0.05485715783776286	0.05485715783776286	0.06323811250742106	0.06323811250742106	0.09968785791100403	0.05485715783776286	0.11178866340021529	0.672450218805333	0.0011611065628823448	0.577292117400133	0.6578446252600557	0.0016178116901342918	0.5594561219764536	4.1859734597084675
UP000000663	0.013391888326638651	0.031066623994016156	0.031066623994016156	0.031066623994016156	0.031066623994016156	0.023538725955683123	0.031066623994016156	0.04121346162306063	0.023538725955683123	0.031066623994016156	0.033685563584727594	0.033685563584727594	0.08200402419422882	0.08200402419422882	0.08200402419422882	0.06213324798803231	0.06213324798803231	0.08567197394371544	0.08200402419422882	0.10659176030868713	0.6834998702880496	0.0008925662438526118	0.4921896671735137	0.662439581897495	0.001460240687203123	0.5977243629341139	4.120358953275217
UP000000391	0.018654211479443773	0.02983665698932089	0.02983665698932089	0.02983665698932089	0.02983665698932089	0.049772593018835326	0.02983665698932089	0.060955038528712445	0.049772593018835326	0.02983665698932089	0.08089097455822689	0.08089097455822689	0.03577173887490672	0.03577173887490672	0.03577173887490672	0.05967331397864178	0.05967331397864178	0.10944590699747711	0.03577173887490672	0.10816418244740644	0.5001848043521108	0.02470785360314484	0.629752434774756	0.6511970472583167	0.0018708441352026568	0.5728647486918204	4.147317371484238
UP000001941	0.016904838279424256	0.03162690897881296	0.03162690897881296	0.03162690897881296	0.03162690897881296	0.03631607213970952	0.03162690897881296	0.05103814283909822	0.03631607213970952	0.03162690897881296	0.05572730599999477	0.05572730599999477	0.05508642937518521	0.05508642937518521	0.05508642937518521	0.06325381795762593	0.06325381795762593	0.09956989009733543	0.05508642937518521	0.11178556521586314	0.643247568458153	0.0022161460765718274	0.4450673542609341	0.6218507982667814	0.003419126143705668	0.43274589208490283	4.18590505491491
UP000000262	0.013550847952677367	0.03114064758133345	0.03114064758133345	0.03114064758133345	0.03114064758133345	0.023990164153723258	0.03114064758133345	0.04157996378237934	0.023990164153723258	0.03114064758133345	0.03442948035476915	0.03442948035476915	0.08084479335538901	0.08084479335538901	0.08084479335538901	0.0622812951626669	0.0622812951626669	0.08627145931639016	0.08084479335538901	0.1069727906966777	0.6921817393101842	0.0007202601015189417	0.5897309199418074	0.6831168867659716	0.0009009055629774345	0.6347022635585831	4.125139871374301
UP000001746	0.009216000897753514	0.027904002718198134	0.027904002718198134	0.027904002718198134	0.027904002718198134	0.013760878052810042	0.027904002718198134	0.03244887987325466	0.013760878052810042	0.027904002718198134	0.01830575520786657	0.01830575520786657	0.11316623324602577	0.11316623324602577	0.11316623324602577	0.05580800543639627	0.05580800543639627	0.06956888348920631	0.11316623324602577	0.09292800905234794	0.5769496595618526	0.007737741356963961	0.8159848042737275	0.5559897531301519	0.01091109753771466	0.9211969605281602	3.9424521607585956
UP000002593	0.014606175781798894	0.03153451006262745	0.03153451006262745	0.03153451006262745	0.03153451006262745	0.027208737110613026	0.03153451006262745	0.04413707139144158	0.027208737110613026	0.03153451006262745	0.03981129843942716	0.03981129843942716	0.07309602947371392	0.07309602947371392	0.07309602947371392	0.0630690201252549	0.0630690201252549	0.09027775723586794	0.07309602947371392	0.10920970596968123	0.7379588668814394	0.0002038081846133998	0.5216938072266087	0.7252373226091648	0.00029659182171806655	0.5062993677973591	4.15307921580584
UP000000242	0.016829830665565766	0.0316474756575257	0.0316474756575257	0.0316474756575257	0.0316474756575257	0.03594509495927141	0.0316474756575257	0.05076273995123134	0.03594509495927141	0.0316474756575257	0.055060359252977045	0.055060359252977045	0.05572736511774584	0.05572736511774584	0.05572736511774584	0.0632949513150514	0.0632949513150514	0.0992400462743228	0.05572736511774584	0.11177225763814286	0.6606113065024221	0.0015213166559970963	0.6241615604778235	0.6524838425163764	0.001819435497907735	0.6017240934624294	4.185660146342805
UP000009079	0.018338140042533126	0.030536638484923002	0.030536638484923002	0.030536638484923002	0.030536638484923002	0.04590607242435445	0.030536638484923002	0.05810457086674432	0.04590607242435445	0.030536638484923002	0.07347400480617575	0.07347400480617575	0.04062583622223236	0.04062583622223236	0.04062583622223236	0.061073276969846005	0.061073276969846005	0.10697934939420044	0.04062583622223236	0.10994805549730215	0.5564288782368071	0.010835221303036296	0.7803368577185392	0.5123376650744786	0.020909231307517137	0.7528098673160598	4.166964880429258
UP000002654	0.013954128839070063	0.0313117037364499	0.0313117037364499	0.0313117037364499	0.0313117037364499	0.025172153984204818	0.0313117037364499	0.04252972888158465	0.025172153984204818	0.0313117037364499	0.03639017912933957	0.03639017912933957	0.07789740929555827	0.07789740929555827	0.07789740929555827	0.0626234074728998	0.0626234074728998	0.08779556145710461	0.07789740929555827	0.10788924004841975	0.7395373885218275	0.00019425403809131186	0.5239490206094182	0.7290664531403643	0.0002654895531891601	0.5412277370383364	4.13660923688889
UP000008680	0.01876599234221255	0.029403151367872638	0.029403151367872638	0.029403151367872638	0.029403151367872638	0.051872808526727265	0.029403151367872638	0.06250996755238734	0.051872808526727265	0.029403151367872638	0.08497962471124197	0.08497962471124197	0.03333327556060808	0.03333327556060808	0.03333327556060808	0.058806302735745275	0.058806302735745275	0.11067911126247253	0.03333327556060808	0.10697544644583046	0.41751897388265397	0.06700018797964474	0.8204986205048759	0.5659454925112701	0.009293122321282078	0.7207119141676082	4.134102372908932
UP000006681	0.0170550316526296	0.0315787507455008	0.0315787507455008	0.0315787507455008	0.0315787507455008	0.03708255372271493	0.0315787507455008	0.05160627281558613	0.03708255372271493	0.0315787507455008	0.05711007579280025	0.05711007579280025	0.053783647485724353	0.053783647485724353	0.053783647485724353	0.0631575014910016	0.0631575014910016	0.10024005521371655	0.053783647485724353	0.11179128388913201	0.6825726335633778	0.0009128696042239286	0.5592095469690128	0.6757127008021592	0.0010755524116874355	0.5402291588381246	4.186156658413671
UP000002457	0.013387678908302123	0.031064614165866093	0.031064614165866093	0.031064614165866093	0.031064614165866093	0.023526876905030934	0.031064614165866093	0.0412038121625949	0.023526876905030934	0.031064614165866093	0.03366607490175975	0.03366607490175975	0.0820347092535493	0.0820347092535493	0.0820347092535493	0.062129228331732185	0.062129228331732185	0.0856561052367631	0.0820347092535493	0.10658152140590041	0.7119132598150356	0.00043022386571893104	0.38733418623211524	0.680819408447252	0.0009523262605377129	0.45432952454203274	4.1202303746440245
UP000001304	0.01880629228525939	0.029173863673287004	0.029173863673287004	0.029173863673287004	0.029173863673287004	0.05292003177945086	0.029173863673287004	0.06328760316747846	0.05292003177945086	0.029173863673287004	0.08703377127364233	0.08703377127364233	0.03216605481926515	0.03216605481926515	0.03216605481926515	0.05834772734657401	0.05834772734657401	0.11126775912602486	0.03216605481926515	0.1063278833051204	0.628251612874466	0.0030130100998712966	0.6376286507388768	0.6386989726040587	0.002436611403962863	0.6692794885388266	4.12687388367736
UP000000346	0.013210635383727624	0.030977792649187604	0.030977792649187604	0.030977792649187604	0.030977792649187604	0.023033303390447606	0.030977792649187604	0.04080046065590759	0.023033303390447606	0.030977792649187604	0.032855971397167595	0.032855971397167595	0.08332488146828627	0.08332488146828627	0.08332488146828627	0.06195558529837521	0.06195558529837521	0.08498888868882282	0.08332488146828627	0.10614401333129043	0.7576903873862906	0.00010905744509613535	0.5560342752148694	0.737490540309003	0.00020671893806167095	0.6060205702531322	4.1147307606252905
UP000009227	0.018867924528301886	0.028301886792452827	0.028301886792452827	0.028301886792452827	0.028301886792452827	0.056603773584905655	0.028301886792452827	0.0660377358490566	0.056603773584905655	0.028301886792452827	0.09433962264150943	0.09433962264150943	0.02830188679245282	0.02830188679245282	0.02830188679245282	0.056603773584905655	0.056603773584905655	0.11320754716981131	0.02830188679245282	0.10377358490566035	0.41672971306245987	0.06757119246051364	0.8763014428255451	0.44864446342053727	0.047241209906638805	0.8146308622637273	4.098191028103227
UP000000792	0.01885390433559758	0.02873118861332306	0.02873118861332306	0.02873118861332306	0.02873118861332306	0.054842512003546756	0.02873118861332306	0.06471979628127224	0.054842512003546756	0.02873118861332306	0.09083111967149593	0.09083111967149593	0.030103697623513653	0.030103697623513653	0.030103697623513653	0.05746237722664612	0.05746237722664612	0.11230488923019287	0.030103697623513653	0.10504747017556677	0.5100542756297768	0.021584972073324046	0.6694394248381129	0.6086777106432147	0.004398824278919919	0.6829903787183181	4.112527955074151
UP000006565	0.016259248006898704	0.03173894302716528	0.03173894302716528	0.03173894302716528	0.03173894302716528	0.033337307064504544	0.03173894302716528	0.04881700208477112	0.033337307064504544	0.03173894302716528	0.05041536612211038	0.05041536612211038	0.06043442576405443	0.06043442576405443	0.06043442576405443	0.06347788605433057	0.06347788605433057	0.0968151931188351	0.06043442576405443	0.11147607708839455	0.6061523099090325	0.004610851951136265	0.5705062119539372	0.6057684500357439	0.004643806735974405	0.5571746717098617	4.181556747626798
UP000000758	0.012971285201355065	0.030853396968349135	0.030853396968349135	0.030853396968349135	0.030853396968349135	0.022380366296880283	0.030853396968349135	0.040262478063874355	0.022380366296880283	0.030853396968349135	0.0317894473924055	0.0317894473924055	0.08506850083318167	0.08506850083318167	0.08506850083318167	0.06170679393669827	0.06170679393669827	0.08408716023357855	0.08506850083318167	0.10553147610640248	0.7079669557140654	0.0004784860481974037	0.4204180596685306	0.6861801911909312	0.0008360079074935794	0.48328578343252787	4.107012404972125
UP000001901	0.01794563961786321	0.03103008095600255	0.03103008095600255	0.03103008095600255	0.03103008095600255	0.04255853465645399	0.03103008095600255	0.05564297599459333	0.04255853465645399	0.03103008095600255	0.06717142969504476	0.06717142969504476	0.04524901676754765	0.04524901676754765	0.04524901676754765	0.0620601619120051	0.0620601619120051	0.10461869656845908	0.04524901676754765	0.11103588248587086	0.5406436618329262	0.013845940888016797	0.6912874266111434	0.5521606225989524	0.011591160136825596	0.6529700879658821	4.178721300060677
UP000012076	0.012248150441567542	0.030429985202478468	0.030429985202478468	0.030429985202478468	0.030429985202478468	0.020499088326108916	0.030429985202478468	0.03868092308701984	0.020499088326108916	0.030429985202478468	0.02875002621065029	0.02875002621065029	0.0903439201482602	0.0903439201482602	0.0903439201482602	0.060859970404956935	0.060859970404956935	0.08135905873106584	0.0903439201482602	0.10353810604900295	0.5864207894041812	0.006575818925806705	0.5565731421907125	0.5115718389682389	0.021133965772855895	0.768874870744359	4.081733300148923
UP000002315	0.018812551769922643	0.027378981593726707	0.027378981593726707	0.027378981593726707	0.027378981593726707	0.06012639095092923	0.027378981593726707	0.0686928207747333	0.06012639095092923	0.027378981593726707	0.10144023013193583	0.10144023013193583	0.024934429665715394	0.024934429665715394	0.024934429665715394	0.054757963187453414	0.054757963187453414	0.11488435413838265	0.024934429665715394	0.10094949655110276	0.5153873155867165	0.02003308464219722	0.7967277414914214	0.3706598354201012	0.10765539612939093	0.9067954575465969	4.066195945732032
UP000005877	0.01071988563807076	0.029308368068560787	0.029308368068560787	0.029308368068560787	0.029308368068560787	0.01690199052603209	0.029308368068560787	0.03549047295652212	0.01690199052603209	0.029308368068560787	0.02308409541399342	0.02308409541399342	0.10164251808321041	0.10164251808321041	0.10164251808321041	0.058616736137121574	0.058616736137121574	0.07551872666315367	0.10164251808321041	0.09864498984375314	0.6890246960294082	0.0007793281808043903	0.602303635606322	0.6004076672920649	0.005124734291251829	0.7737219001196676	4.018532090703557
UP000006794	0.009345794392523366	0.0280373831775701	0.0280373831775701	0.0280373831775701	0.0280373831775701	0.01401869158878505	0.0280373831775701	0.03271028037383178	0.01401869158878505	0.0280373831775701	0.018691588785046735	0.018691588785046735	0.11214953271028037	0.11214953271028037	0.11214953271028037	0.0560747663551402	0.0560747663551402	0.07009345794392524	0.11214953271028037	0.09345794392523366	0.538275879372344	0.014350587709660724	0.83295189328892	0.5268883610930365	0.016988420575992452	0.9811426554199002	3.9496103022744853
UP000006663	0.011628478449480544	0.03001189121073664	0.03001189121073664	0.03001189121073664	0.03001189121073664	0.018984104567772307	0.03001189121073664	0.0373675173290284	0.018984104567772307	0.03001189121073664	0.026339730686064072	0.026339730686064072	0.09489134563387894	0.09489134563387894	0.09489134563387894	0.06002378242147328	0.06002378242147328	0.07900788698924557	0.09489134563387894	0.10166415208169047	0.6100986140100028	0.004283114925434419	0.705098675970259	0.5475656659615131	0.012452107787013581	0.7389120364747382	4.057728006315531
UP000006622	0.018284078265136453	0.030621100600558195	0.030621100600558195	0.030621100600558195	0.030621100600558195	0.045381988029454534	0.030621100600558195	0.057719010364876276	0.045381988029454534	0.030621100600558195	0.07247989779377262	0.07247989779377262	0.041322641105142235	0.041322641105142235	0.041322641105142235	0.06124220120111639	0.06124220120111639	0.10662418923057092	0.041322641105142235	0.11014738006681103	0.5706355730003001	0.008601727711317442	0.5937466513848179	0.5536922748114321	0.01131513307003178	0.5740714817710637	4.169138882390754
UP000192315	0.0186965466378563	0.029694515248360004	0.029694515248360004	0.029694515248360004	0.029694515248360004	0.050480675922212025	0.029694515248360004	0.06147864453271572	0.050480675922212025	0.029694515248360004	0.08226480520656775	0.08226480520656775	0.03493472382159999	0.03493472382159999	0.03493472382159999	0.05938903049672001	0.05938903049672001	0.10986970641893203	0.03493472382159999	0.1077800923829363	0.449089406690416	0.04699566433316986	0.9342449230769045	0.6777561040222925	0.0010247229074694525	0.7583288297410289	4.143055926547219
UP000007807	0.014861356248979773	0.03160223696474228	0.03160223696474228	0.03160223696474228	0.03160223696474228	0.028054205138413515	0.03160223696474228	0.04479508585417602	0.028054205138413515	0.03160223696474228	0.04124705402784726	0.04124705402784726	0.07119798092644877	0.07119798092644877	0.07119798092644877	0.06320447392948456	0.06320447392948456	0.09125867906789809	0.07119798092644877	0.10966806714320662	0.6803428270072736	0.000963297268817431	0.4824858262664419	0.6693320168536538	0.0012481642945449858	0.5065393771518274	4.15879011164088
UP000014070	0.017977522793316027	0.03099845289597993	0.03099845289597993	0.03099845289597993	0.03099845289597993	0.0427984321474087	0.03099845289597993	0.055819362250072606	0.0427984321474087	0.03099845289597993	0.06761934150150138	0.06761934150150138	0.044903704819591904	0.044903704819591904	0.044903704819591904	0.06199690579195986	0.06199690579195986	0.10479533793936856	0.044903704819591904	0.11097288148125581	0.6219375263129137	0.003413334600852356	0.5541182575387406	0.6195533199480616	0.003575544471128457	0.5279023627631932	4.1780506676393605
UP000011511	0.00961794396589509	0.028309419975087433	0.028309419975087433	0.028309419975087433	0.028309419975087433	0.01456698309397703	0.028309419975087433	0.03325845910316937	0.01456698309397703	0.028309419975087433	0.01951602222205897	0.01951602222205897	0.11003283990317	0.11003283990317	0.11003283990317	0.05661883995017487	0.05661883995017487	0.0711858230441519	0.11003283990317	0.0945462038911574	0.538275879372344	0.014350587709660724	0.7976070641583136	0.5268883610930365	0.016988420575992452	0.9020782952051316	3.9642411378637576
UP000007490	0.018617155120603163	0.029946673861759695	0.029946673861759695	0.029946673861759695	0.029946673861759695	0.04920966948094566	0.029946673861759695	0.0605391882221022	0.04920966948094566	0.029946673861759695	0.07980218384128815	0.07980218384128815	0.03644825437122068	0.03644825437122068	0.03644825437122068	0.05989334772351939	0.05989334772351939	0.10910301720446504	0.03644825437122068	0.10845717670588224	0.5161765764069105	0.019811167552852386	0.7057119531961371	0.6118950588856629	0.0041404376055035035	0.6464571178393789	4.1505620242476295
UP000058290	0.013786046033802948	0.031243376065738203	0.031243376065738203	0.031243376065738203	0.031243376065738203	0.02467288066993918	0.031243376065738203	0.042130210701874435	0.02467288066993918	0.031243376065738203	0.03555971530607542	0.03555971530607542	0.07912724590561956	0.07912724590561956	0.07912724590561956	0.062486752131476406	0.062486752131476406	0.08715963280141559	0.07912724590561956	0.10751617423101756	0.62904087369466	0.0029658377858975847	0.5351117732798019	0.6065342761419837	0.0045782516852489455	0.6451662623995951	4.131945052325793
UP000012672	0.013265251994501646	0.03100505167670086	0.03100505167670086	0.03100505167670086	0.03100505167670086	0.023184581052890157	0.03100505167670086	0.04092438073508937	0.023184581052890157	0.03100505167670086	0.03310391011127866	0.03310391011127866	0.0829269441860417	0.0829269441860417	0.0829269441860417	0.06201010335340172	0.06201010335340172	0.08519468440629187	0.0829269441860417	0.10628040702460423	0.5824744853032109	0.00704120153565768	0.5678253415650917	0.5820278407423076	0.007095531011090376	0.6911290478748904	4.116446428949429
