Amino acid frequency	M	W	C	D	E	F	H	K	N	Q	Y	I	A	G	P	T	V	L	R	S		Min	Max	Mean
Code frequency	0.015625	0.015625	0.03125	0.03125	0.03125	0.03125	0.03125	0.03125	0.03125	0.03125	0.03125	0.046875	0.0625	0.0625	0.0625	0.0625	0.0625	0.09375	0.09375	0.09375		0.015625	0.09375	0.04765625
																								
Archaea frequency	0.0243003440139205	0.0096663557631734	0.0104391906557584	0.0643775324494849	0.0819523288997354	0.0309077576939591	0.0184753308702453	0.0634317381208874	0.0340292747187709	0.0222298168042117	0.0333708375624792	0.0747999775627344	0.0736329481049715	0.077860094507761	0.0426248973654115	0.0486729964030257	0.08632211219848	0.088653975682784	0.0594580512382832	0.0547944393839225		0.0096663557631734	0.088653975682784	0.05
Archaea frequency standard deviation	0.00605759890776479	0.00427510509552341	0.00477231970857242	0.0180807802792754	0.0112823274728219	0.00795445140631485	0.00600764218087227	0.0266780646842611	0.0107233734183069	0.00586816335949887	0.00878960996774288	0.0209581718718714	0.0210699707514337	0.0120292907865075	0.00847098066134758	0.0110872211668885	0.0153135067452642	0.0124648363752271	0.0171724692831702	0.0128337869212617		0.00427510509552341	0.0266780646842611	0.0120944835521963
Archaea frequency for GC	0.0159019502808772	0.0154369826477593	0.0313389329286365	0.0313389329286365	0.0313389329286365	0.0354697680926616	0.0313389329286365	0.0354697680926616	0.0354697680926616	0.0313389329286365	0.0354697680926616	0.0550375859044461	0.0665476616935154	0.0665476616935154	0.0665476616935154	0.062677865857273	0.062677865857273	0.0981476339499347	0.0978865946221519	0.0940167987859095		0.0154369826477593	0.0981476339499347	0.05
Archaea frequency difference for Code	0.0086753440139205	0.0059586442368266	0.0208108093442416	0.0331275324494849	0.0507023288997354	0.000342242306040935	0.0127746691297547	0.0321817381208874	0.00277927471877091	0.0090201831957883	0.0021208375624792	0.0279249775627344	0.0111329481049715	0.015360094507761	0.0198751026345885	0.0138270035969743	0.02382211219848	0.00509602431721602	0.0342919487617168	0.0389555606160775		0.000342242306040935	0.0507023288997354	0.0184389688139225
Archaea percentage difference for Code	43.4578297479202	47.1200064767026	99.8379148978135	69.2845075072589	89.5782434734943	1.10120544478456	51.3809316345798	67.9787649859121	8.5150294047974	33.7330370027668	6.56394328045858	45.9009372709135	16.3559935488754	21.8866973004378	37.8123605971346	24.8747520429305	32.0142105854661	5.58762417117316	44.7652045497045	52.4497056606668		1.10120544478456	99.8379148978135	40.0099449791896
Archaea frequency difference for GC	0.0083983937330433	0.00577062688458592	0.0208997422728782	0.0330385995208484	0.0506133959710989	0.00456201039870256	0.0128636020583912	0.0279619700282258	0.00144049337389072	0.00910911612442482	0.00209893053018242	0.0197623916582884	0.00708528641145612	0.0113124328142457	0.0239227643281039	0.0140048694542474	0.023644246341207	0.00949365826715068	0.0384285433838687	0.039222359401987		0.00144049337389072	0.0506133959710989	0.0181816716478414
Archaea percentage difference for GC	41.7806688914771	45.9749758388531	100.051129537492	69.0343075046318	89.3509263720172	13.7456476258779	51.6462598356415	56.5450842939642	4.14536176505084	34.0090674874913	6.09794324209488	30.4417167583151	10.1087966754338	15.6673479483724	43.8255996457707	25.1544876617281	31.7372480851772	10.1644287603482	48.8463311525133	52.7142437417585		4.14536176505084	100.051129537492	39.0520786412004
																								
Bacteria frequency	0.0243950717199537	0.0115357804863909	0.0108592394276996	0.0584076070009318	0.0671073295556808	0.0368938201132159	0.0217886008353013	0.0545261303075794	0.0365810188233988	0.0348363269033123	0.0286462539044706	0.0610785699529276	0.0953025119547895	0.0779417734112572	0.0447528451244302	0.0521724493633776	0.0740629135851948	0.09565136351849	0.0593809208609825	0.0540794731506155		0.0108592394276996	0.09565136351849	0.05
Bacteria frequency standard deviation	0.00703322415339734	0.00576452067199427	0.00746708795571664	0.010883467711626	0.0149939189374969	0.0109069009876856	0.00671263493307836	0.0271520841500643	0.0158933530753244	0.0113156256948258	0.00936583668398914	0.0210278106989726	0.0281663100728922	0.0147678560316461	0.0124972943332276	0.00993434891439454	0.0135889273947782	0.0161363721372035	0.0192176472836424	0.0112015065330486		0.00576452067199427	0.0281663100728922	0.0137013364177502
Bacteria frequency for GC	0.0145231725987338	0.0158646425026543	0.0303878151013881	0.0303878151013881	0.0303878151013881	0.0319385253588184	0.0303878151013881	0.0319385253588184	0.0319385253588184	0.0303878151013881	0.0319385253588184	0.049353878118903	0.0761871133661988	0.0761871133661988	0.0761871133661988	0.0607756302027762	0.0607756302027762	0.0927141555615946	0.106574928467587	0.0911634453041643		0.0145231725987338	0.106574928467587	0.05
Bacteria frequency difference for Code	0.00877007171995372	0.00408921951360908	0.0203907605723004	0.0271576070009318	0.0358573295556808	0.00564382011321585	0.00946139916469874	0.0232761303075794	0.00533101882339882	0.00358632690331225	0.00260374609552944	0.0142035699529275	0.0328025119547895	0.0154417734112572	0.0177471548755698	0.0103275506366224	0.0115629135851948	0.00190136351849002	0.0343690791390175	0.0396705268493845		0.00190136351849002	0.0396705268493845	0.0162096936846732
Bacteria percentage difference for Code	43.8283658326431	30.1112077074369	96.8469668387661	60.580709009219	72.9123690479655	16.5644371091585	35.6774085880541	54.2718125056819	15.7185279415554	10.8534611359449	8.69418678397548	26.3142200098078	41.574131550184	21.9902854203342	33.0940495890442	18.0122613477909	16.934192866325	2.00776117253707	44.888490117837	53.6706598540959		2.00776117253707	96.8469668387661	35.2272752214178
Bacteria frequency difference for GC	0.0098718991212199	0.00432886201626335	0.0195285756736885	0.0280197918995437	0.0367195144542927	0.00495529475439742	0.00859921426608684	0.022587604948761	0.00464249346458039	0.00444851180192415	0.00329227145434787	0.0117246918340245	0.0191153985885907	0.00175466004505841	0.0314342682417686	0.00860318083939857	0.0132872833824186	0.00293720795689539	0.0471940076066044	0.0370839721535488		0.00175466004505841	0.0471940076066044	0.0160064352251707
Bacteria percentage difference for GC	50.8552546628514	33.9106365618095	95.6649909123947	59.1351008014862	65.3720266798403	15.7695714485963	35.1971372088034	47.3682343418659	14.0750289053751	16.9088255811479	10.0820810587765	18.8873583823118	25.5178090315615	2.27808094580209	52.9142938465656	15.7209480030927	18.0659242834242	3.23894604497826	56.8489557800014	50.8146198923032		2.27808094580209	95.6649909123947	34.4312912186494
																								
Eukaryota frequency	0.0253581146339441	0.0142340055575602	0.0188007659548279	0.0527041639415293	0.0595281965378013	0.0423428553374027	0.0241616612297732	0.0581610023384906	0.0424266210761836	0.0384809487663483	0.0323399205824165	0.0540473551671124	0.0769953224798555	0.0673908472390244	0.0492439469961916	0.056605771434778	0.0659591042288722	0.0972257894093411	0.0498610380556715	0.0741325690328757		0.0142340055575602	0.0972257894093411	0.05
Eukaryota frequency standard deviation	0.00912801305257364	0.00611658994742891	0.0178317647928196	0.0129562015775139	0.0166686716943422	0.0104852254035579	0.00824492976890702	0.0195005442277909	0.0141047370956941	0.0123743417007617	0.00829163868922612	0.0160842480473543	0.0205326321411118	0.0206113243436257	0.0134182307672585	0.010520498178313	0.0113460706737094	0.0228064000331786	0.0145150681565565	0.0146937861755156		0.00611658994742891	0.0228064000331786	0.014011545823362
Eukaryota frequency for GC	0.0161680579779917	0.0158719868481726	0.0320400448261643	0.0320400448261643	0.0320400448261643	0.0343790290478364	0.0320400448261643	0.0343790290478364	0.0343790290478364	0.0320400448261643	0.0343790290478364	0.052590000117681	0.0657185343561269	0.0657185343561269	0.0657185343561269	0.0640800896523287	0.0640800896523287	0.0984591187001651	0.0977585791822912	0.096120134478493		0.0158719868481726	0.0984591187001651	0.05
Eukaryota frequency difference for Code	0.0097331146339441	0.00139099444243979	0.0124492340451721	0.0214541639415293	0.0282781965378013	0.0110928553374027	0.00708833877022677	0.0269110023384906	0.0111766210761836	0.0072309487663483	0.00108992058241651	0.00717235516711243	0.0144953224798555	0.00489084723902442	0.0132560530038084	0.00589422856522198	0.00345910422887215	0.00347578940934107	0.0438889619443285	0.0196174309671243		0.00108992058241651	0.0438889619443285	0.0127022741738322
Eukaryota percentage difference for Code	47.498169530935	9.31708485574529	49.7464276826766	51.1092313574137	62.3017367965134	30.1465550875695	25.5842853757221	60.1961763869091	30.3396678971655	20.7395679946288	3.42796648410311	14.2136103645938	20.7825211944992	7.5307034221192	23.7257647687355	9.89746927326632	5.38553378468085	3.64003146167496	61.1219897001438	23.3704202647539		3.42796648410311	62.3017367965134	28.0037456841925
Eukaryota frequency difference for GC	0.00919005665595238	0.00163798129061241	0.0132392788713364	0.020664119115365	0.0274881517116369	0.00796382628956634	0.00787838359639112	0.0237819732906543	0.00804759202834721	0.00644090394018396	0.00203910846541986	0.0014573550494314	0.0112767881237286	0.00167231288289753	0.0164745873599353	0.00747431821755067	0.00187901457654346	0.00123332929082401	0.0478975411266198	0.0219875654456174		0.00123332929082401	0.0478975411266198	0.0119862093664307
Eukaryota percentage difference for GC	44.2615154631944	10.8814303048884	52.081305030195	48.7682153526521	60.0386144850745	20.7602468405965	28.0361012121225	51.3982390850326	20.9557292083397	18.2666284522338	6.11253167719311	2.73329181043413	15.8033541714015	2.51268973359643	28.66080684088	12.3864024339288	2.88992037010021	1.26052571221674	64.8931924127794	25.8293289823138		1.26052571221674	64.8931924127794	25.9265034789587
																								
Viruses frequency	0.0234388243645885	0.0154694584269898	0.0184646854893143	0.0540454188610289	0.0576146063553567	0.0409219594439547	0.022527378513064	0.0588939609131577	0.0465327624301	0.0384569790304965	0.0358876093435475	0.0573441187685227	0.0674812120000974	0.0631912741489832	0.0510079994145133	0.0627544605174572	0.0652061711661285	0.0901374664277656	0.0567090464470527	0.0739146079378807		0.0154694584269898	0.0901374664277656	0.05
Viruses frequency standard deviation	0.00736689725204026	0.00680664429914662	0.00882367137509048	0.0119220580372084	0.0165367804080057	0.0112973893529718	0.00805590686168107	0.0207906536582436	0.0148701204689872	0.0114690326798497	0.0103454313581682	0.018591515837019	0.021046763851801	0.0159103628940377	0.0202401912000862	0.0132807846613371	0.0156002999461704	0.0150083678926723	0.0188674268181837	0.0165620045237927		0.00680664429914662	0.021046763851801	0.0141696151688247
Viruses frequency for GC	0.0173001290451775	0.0146003457082824	0.0319004747534599	0.0319004747534599	0.0319004747534599	0.0400094771100373	0.0319004747534599	0.0400094771100373	0.0400094771100373	0.0319004747534599	0.0400094771100373	0.0627188251748971	0.0567065483048895	0.0567065483048895	0.0567065483048895	0.0638009495069198	0.0638009495069198	0.103810426616957	0.0886070230583494	0.0957014242603797		0.0146003457082824	0.103810426616957	0.05
Viruses frequency difference for Code	0.00781382436458848	0.000155541573010155	0.0127853145106857	0.0227954188610289	0.0263646063553567	0.00967195944395474	0.00872262148693605	0.0276439609131577	0.0152827624301	0.00720697903049651	0.00463760934354749	0.0104691187685227	0.00498121200009735	0.00069127414898322	0.0114920005854867	0.000254460517457172	0.00270617116612851	0.00361253357223437	0.0370409535529473	0.0198353920621193		0.000155541573010155	0.0370409535529473	0.011708185734342
Viruses percentage difference for Code	40.0054244134465	1.00044561557725	51.4347597087134	53.4505115642125	59.3365737759046	26.8025408163278	32.4397422414969	61.33291821909	39.2960135449907	20.6779267463118	13.8152352724284	20.0905916154891	7.66451077574753	1.09995567100998	20.2487941726816	0.406309709699651	4.23812121437443	3.92906992783376	49.2372568185618	23.6607979538153		0.406309709699651	61.33291821909	26.5083749888857
Viruses frequency difference for GC	0.00613869531941097	0.000869112718707456	0.0134357892641456	0.022144944107569	0.0257141316018968	0.000912482333917435	0.00937309624039595	0.0188844838031204	0.00652328532006272	0.00655650427703661	0.00412186776648982	0.00537470640637439	0.0107746636952079	0.00648472584409374	0.0056985488903762	0.00104648898946264	0.0014052216592087	0.0136729601891915	0.0318979766112967	0.021786816322499		0.000869112718707456	0.0318979766112967	0.0106408250680232
Viruses percentage difference for GC	30.1367355104385	5.78063438523018	53.3535054763307	51.5322912503542	57.4520656930157	2.25495153124753	34.4422779068559	38.187719619396	15.0753790397053	18.6376962906287	10.8617285829821	8.95314779039108	17.3522151760317	10.8170869351502	10.5808342717475	1.65380364104713	2.17851797928279	14.0996223001388	43.9015130533941	25.6895719586611		1.65380364104713	57.4520656930157	22.6470649196015
																								
Mean frequency	0.0243730886831017	0.0127264000585286	0.0146409703819	0.0573836805632437	0.0665506153371436	0.0377665981471331	0.0217382428620959	0.0587532079200288	0.0398924192621133	0.0335010178760922	0.0325611553482284	0.0618175053628243	0.0783529986349285	0.0715959973267565	0.0469074222251366	0.0550514194296596	0.0728875752946689	0.0929171487595952	0.0563522641504975	0.0642302723763236				
Mean standard deviation	0.00739643334144401	0.0057407150035233	0.00972371095804979	0.0134606269014059	0.0148704246281667	0.0101609917876326	0.00725527843613468	0.02353033668009	0.0138978960145781	0.010256790858734	0.00919812917478158	0.0191654366138043	0.0227039192043097	0.0158297085139542	0.01365667424048	0.0112057132302333	0.0139622011899805	0.0166039941095704	0.0174431528853882	0.0138227710384046				
Mean percentage difference for Code	43.6974473812362	21.8871861638655	74.4665172819924	58.606239859526	71.0322307734695	18.6536846144601	36.2705919599632	60.9449180243983	23.4673096971273	21.5009982199131	8.1253329552414	26.6298398152011	21.5942892673265	13.1269104534753	28.720242281899	13.2976980934218	14.6430146127116	3.79112168330474	50.0032352965618	38.287895933333				
Mean percentage difference for GC	41.7585436319903	24.1369192726953	75.287732739103	57.1174787272811	68.0534083074869	13.1326043615796	37.3304440408558	48.3748193350647	13.5628747296177	21.9555544528754	8.28857114026164	15.253878685363	17.1955437636071	7.81880139073029	33.9953836512409	13.7289104349492	13.7179026794961	7.19088070442048	53.622498099672	38.7619411437592				
