Proteome_ID	#Proteins	GC	Length	M	W	C	D	E	F	H	K	N	Q	Y	I	A	G	P	T	V	L	R	S
UP000009079	118.0	0.02838603523488755	159.535418515681	0.011997518442255797	0.007114559534312718	0.013277117493176225	0.014909600471643162	0.026088715436275847	0.015372115027974469	0.009533840659581112	0.02881004812193735	0.013636898105564848	0.013814290318616524	0.013264938831041549	0.019581599398228913	0.0244852718457149	0.02187687060516898	0.01646887796339371	0.016117296068728623	0.02324665891932301	0.02400826180857843	0.031687685395690904	0.015586709882778556
UP000002439	315.0	0.03888893196697587	168.92150525262093	0.00979842818602262	0.007854888459508687	0.013986437223768371	0.014305229098239612	0.02322602380264126	0.012698816535305817	0.009724529409991576	0.027049970183582125	0.011639491093178468	0.012455168826248924	0.013889229020574219	0.019182171160367047	0.029783188214662314	0.02318091630829418	0.017829847271521582	0.01325600718521229	0.024955735516894107	0.02532698622933885	0.02654685824912205	0.015401927706032806
UP000001686	77.0	0.02328056115489993	166.52382270113577	0.009413676333907944	0.006207270619995567	0.008641257252018208	0.013795748441611676	0.025255049334391516	0.014684917739595287	0.010535290338569817	0.023216676826254647	0.01055907800153644	0.008403919786842913	0.01106289721191902	0.017600172911130293	0.025599237750372282	0.02109108073800939	0.013870931221730252	0.013775226673389193	0.021247933610652896	0.025034007160356458	0.02469574289339802	0.01908955325738203
UP000000792	93.0	0.025794775304350762	159.8186742808905	0.010970192088121288	0.006168652241098578	0.014824902523398865	0.016939075600666736	0.023666872867535334	0.013697864297258099	0.010519335908931537	0.027055463811815193	0.01596275443276822	0.013992361984176247	0.01261822819248384	0.02222557233067172	0.021537688744198473	0.019535409739357	0.013152808472944538	0.01554558448973921	0.021073786669831646	0.023595468178417036	0.020073225403648587	0.021475751922090752
UP000002698	266.0	0.027497292358107554	189.40741396157617	0.011030827635912193	0.007094156237060645	0.013824239130881452	0.024723562229078448	0.032048822085316786	0.012496803764503869	0.011967979847952606	0.023300616973247878	0.01141551198833487	0.019599562349683772	0.011740474330329388	0.01762667133133163	0.03397089940703733	0.022722858454236685	0.014962541826256743	0.01699843875853786	0.023089886697367147	0.02280480465543006	0.025510425784782173	0.015580747570946726
UP000001059	6.0	0.021289024335265114	120.39559792617004	0.010804753639900048	0.007301646110078524	0.0038764553325419575	0.01017985262773858	0.024060622571904028	0.009238005847734421	0.014404915416612813	0.02389340600450674	0.012996029167209149	0.009744913449414113	0.008065794799520512	0.029490711003994443	0.020914707587399564	0.026105714927357738	0.012060399246315684	0.011136932614950652	0.009455119247099944	0.01914466302532511	0.01548459300814716	0.025517871601316078
UP000001974	488.0	0.026932859905403374	196.4915990386853	0.009502229082025242	0.007002923515491435	0.013974984056119032	0.01669939409660171	0.023852671996727588	0.014826422423112	0.008158630082315772	0.027714937465818306	0.016188675877162807	0.012336853590640528	0.015885765291200542	0.024162156590072696	0.022692406331527613	0.020701435024070212	0.014701097155799578	0.015554775072454684	0.021032655916031883	0.02362337762040477	0.02274868919217653	0.018298353738577335
UP000000242	169.0	0.03496701329758085	193.14129984941914	0.01166399102989726	0.006771604387473948	0.013483209415160664	0.016302736442454894	0.02416676867344388	0.013314613134513391	0.009926173773744149	0.030857629350425783	0.014821961948148579	0.012931824951186036	0.013779372437667635	0.021636525985859596	0.02361602597193001	0.022767125078041576	0.01594451123740739	0.01736308658264504	0.022243577478895885	0.02740147841890344	0.024078777479503405	0.019742757487251995
UP000005877	4.0	0.00512273072966615	311.0417978343104	0.0020408173142311076	0.003601530134809583	3.220986663836185e-05	0.015149677442922355	0.020019571155519836	0.009440230008042368	0.003745655036619032	0.017497165652525376	0.009019699023196425	0.009743416821810885	0.004530708413537535	0.013805802981306296	0.009347643357447817	0.017188554886806914	0.012724173905850941	0.008881070627591782	0.008503426695929968	0.034379115623070444	0.010597013680834336	0.0020047501575587213
UP000007490	1.0	0.0	0.0	0.0	0.0	0.0	0.0	0.0	0.0	0.0	0.0	0.0	0.0	0.0	0.0	0.0	0.0	0.0	0.0	0.0	0.0	0.0	0.0
UP000009227	2.0	0.05519904714796167	56.568542494923804	0.006053065591407637	0.0	0.0023507050840418007	0.00486302114261151	1.4691906775269824e-05	0.005715151735576629	0.0030265327957038186	0.03812549808180291	0.006053065591407637	0.0	0.004025582456421581	0.039300850623823776	0.053610767822928215	0.025387614907651415	0.005538848854273453	0.014104230504250729	0.006067757498182836	0.005362545972970355	0.0052156269052177845	0.0021890941095138935
UP000000554	491.0	0.0451823090042472	194.08042680890588	0.010727635915449752	0.008306173559714537	0.013461974362077139	0.028858713764838742	0.03197681555446839	0.01221717851606795	0.011989398095903082	0.019706548273196692	0.014098158397791122	0.01882496041783839	0.011533440747397329	0.018376361820608065	0.041897571765904675	0.024283555071111948	0.016348150476604324	0.021235870310479417	0.025602566900550856	0.02393789533406167	0.025973442623697197	0.018390786626667165
UP000001068	1.0	0.0	0.0	0.0	0.0	0.0	0.0	0.0	0.0	0.0	0.0	0.0	0.0	0.0	0.0	0.0	0.0	0.0	0.0	0.0	0.0	0.0	0.0
UP000000578	105.0	0.030560324315928238	210.21602877653916	0.008525552159984158	0.0068860761901389156	0.015165960104372718	0.015195442967066992	0.024532675564683984	0.016601805044020798	0.012110782115920307	0.02831738637669454	0.015498653088483276	0.012824306325308026	0.01951496255408608	0.025505796495519505	0.02221701037463866	0.025150868602336722	0.01582676377443437	0.016246251497761457	0.02656977166437167	0.025801498512706376	0.030491823707728075	0.014518893517778709
UP000007722	7.0	0.029998009216177995	147.70320949538672	0.007853455601287062	0.00824984840214291	0.007483569114813152	0.02019869502749753	0.02871611217064911	0.015955124507601455	0.00761858843390199	0.02936059098585872	0.02081859216491579	0.01081769460903795	0.01898020617850651	0.009596356136444916	0.027927611240897203	0.028287621485246557	0.015256277361712476	0.017092651606313528	0.024558148807764295	0.028613452410113847	0.0191097898803531	0.015998781487315174
UP000002457	120.0	0.043292373187192236	162.14807269588994	0.01239412406239063	0.006901069680529859	0.014816710166324066	0.01669973662678812	0.021858114846137516	0.012826134093890993	0.011970748960015331	0.029873332776786023	0.01505635874977902	0.019926875289912268	0.010899893382313954	0.019080277705649545	0.029209270119113014	0.022752138352020015	0.014868373252675175	0.017485064696960408	0.024093185539955653	0.025037258786279774	0.029325821367574265	0.020325148677105616
UP000000254	121.0	0.028493597500497975	178.47716439188065	0.010600243556724372	0.007240383498442958	0.01688194248375367	0.013208955683291045	0.023675016718767948	0.012435194437733377	0.011609190363921922	0.027936747494531653	0.015081233927737248	0.009190849457305014	0.01738863213052874	0.026595393638728412	0.024636668259899432	0.023095934683453907	0.020510356086902427	0.013979344461699204	0.023471102742789404	0.02162808172740728	0.03390619429417999	0.015424962855293302
UP000001975	213.0	0.024405911239450327	649.598690482507	0.011171324032286866	0.007520815858292091	0.013951339653366524	0.02464115985243096	0.028376874319673017	0.012565115028390144	0.01194317346537775	0.024580488110241033	0.013345963040976048	0.018891316182611376	0.012035567218179721	0.017996940103156743	0.02936843609773167	0.024365596638326437	0.013967782512530932	0.02222514050868688	0.02322047924157928	0.022995182354300148	0.02548582044338435	0.017848830217717077
UP000001746	9.0	0.048900865683841006	200.24554371515435	0.011239568351326924	0.0040128575426879925	0.008150541569621018	0.02780724212507638	0.029566194745230947	0.024502345677116292	0.01273555220809773	0.013403121262943888	0.015225398886542712	0.015359144097894009	0.011742429706741237	0.027540595010004866	0.030594782618966056	0.03241104552796309	0.014848459661427374	0.02511916960657534	0.021337017193083563	0.026992925272017694	0.02645019200108745	0.02229883024920407
UP000000805	1769.0	0.03776844379992008	203.69320242796977	0.012478573090886846	0.007406465220661479	0.016804842862923094	0.018944592572548824	0.03058564669599673	0.020702120512017908	0.009645949486901706	0.03277739877004806	0.022828124187099584	0.011521205757460793	0.017884660082970932	0.029441889230615685	0.02765674483457268	0.024131788457449167	0.015127716736233497	0.016526799870052584	0.023654147218778204	0.02786919296193547	0.022583632516138524	0.018508075617569435
UP000006565	3.0	0.006454810822750439	171.79736125253302	0.013435945266429336	0.0031843341536269614	0.009502591826065611	0.00823921096692087	0.03649281280179026	0.02447400545657862	0.012874615142650186	0.009912809686206291	0.008057351805245503	0.013041772835731812	0.004681345324165863	0.011535727713831729	0.03480931255963708	0.010496722095378073	0.011659483203177907	0.020554481279594687	0.026005988930256248	0.021734221466181234	0.02979007531627696	0.018033615774024417
UP000001137	107.0	0.023956510020461206	162.49300135492516	0.010951157538181891	0.008371472224042269	0.01448031339080483	0.01448344454822122	0.01782017563364857	0.011325217420119283	0.00992402794115861	0.021904637300926837	0.014587259815297241	0.016748067480798653	0.01272226449830669	0.018329581681471457	0.02608222296184321	0.021629664312043523	0.015018915439010757	0.013071186793879022	0.023427937450218938	0.028274407833773916	0.025853593106721102	0.015942947996878183
UP000000262	126.0	0.03421817678156426	173.878520630088	0.010294800353312946	0.007632626721154218	0.015382745553942397	0.015195269361852334	0.026193066096337977	0.013959556384608421	0.011890385250907904	0.028325603998128873	0.01118190539848556	0.012329977667368803	0.013043497033806958	0.01999604905247557	0.031378831659463334	0.019639677433347172	0.0189093509568466	0.01399308437254644	0.0239237113956897	0.02782600798285803	0.024212685748364528	0.01793357262478427
UP000000590	369.0	0.03138975075423922	171.37937829373706	0.01248336196080769	0.006077430480225543	0.012966361507777387	0.01670043516799788	0.024064994665592584	0.01766341754724205	0.010243555701037169	0.0290812463760676	0.0190300049156165	0.015874876998993894	0.01316629199751819	0.023659568252802625	0.02884768030943045	0.023160541886583647	0.013125859586097903	0.01501033802252063	0.022574722603927903	0.02271858405341251	0.023261467273733363	0.018428731832129876
UP000000346	2.0	0.02594713675142793	26.16295090390226	0.007819435972732247	0.00955888629258473	0.002815482378179851	0.0028437990112937348	0.012880022833512418	0.009736876557871971	0.00410591180151227	0.00886715139794573	0.005424657857958573	0.0031148296425265597	0.023373358018855088	0.001290429423332419	0.015246484315172205	0.004668199230487873	0.021277927168428117	0.03014507856637385	0.01953038638197171	0.0023300543819419687	0.0024514113810014406	0.002872115644407624
UP000005223	622.0	0.0328639380244288	169.41281151594936	0.011945963796214128	0.0065874887668308365	0.015150261026610812	0.018191516158536147	0.026369139180813468	0.014023988874950133	0.010620852861513956	0.02988812818455921	0.013479301730682857	0.013253270922607117	0.01236170402302772	0.0213478455186162	0.029477162949692368	0.02325212984614564	0.015425452825420051	0.01470881036177043	0.021565143736891397	0.025856013737308697	0.02727229861041115	0.018392797073911234
UP000001826	393.0	0.034235586713002315	191.97330232516478	0.011233329916963164	0.007353006280592919	0.013553531260280768	0.01758877945551545	0.030855508629310434	0.011954969524839735	0.010413236275004838	0.02883435036284156	0.009884949666081066	0.01527833023252377	0.012192102783994942	0.01893080737156599	0.02858903294633759	0.022520070546279573	0.017136642958311018	0.013864982067287427	0.02612146203542058	0.02634866247166503	0.033141423215871116	0.013868375927826509
UP000007807	1.0	0.0	0.0	0.0	0.0	0.0	0.0	0.0	0.0	0.0	0.0	0.0	0.0	0.0	0.0	0.0	0.0	0.0	0.0	0.0	0.0	0.0	0.0
UP000006622	2.0	0.02336421841415141	213.54624791833734	0.004644454039885935	0.0	0.0011043815795168852	0.016096739734327972	0.019893996946091334	0.013524892220384555	0.012087683315533813	0.011058944309956532	0.02535539078452405	0.012677695392262059	0.007594514423526879	0.016036225675176322	0.012496153214807208	0.0012102811830322071	0.0007715542541830292	0.003282887708974726	0.05880453698057573	0.022102760105125033	0.006187562548251993	0.002647490087882872
UP000000641	94.0	0.04773650576870447	175.62537212427733	0.009755892238697396	0.007232380478412974	0.01563656885584388	0.015659550643028118	0.02707298712944029	0.014025296415854288	0.010225990847510632	0.027076973855250253	0.013040472960728912	0.012412399448451556	0.01366667579572363	0.020938010636183044	0.02668566497989759	0.023202166783414493	0.018414704029577872	0.013845600648862559	0.027177207539275425	0.03249290945891121	0.027830525962457418	0.016958361698981923
UP000011511	1.0	0.0	0.0	0.0	0.0	0.0	0.0	0.0	0.0	0.0	0.0	0.0	0.0	0.0	0.0	0.0	0.0	0.0	0.0	0.0	0.0	0.0	0.0
UP000002071	6.0	0.03388842880036592	74.90171337604144	0.012054989200675437	0.005404324886609009	0.03504362028370877	0.03157822261148826	0.03478409908927306	0.018427738239393972	0.017013770092010078	0.0173242805141365	0.01353511448018842	0.02156102470440395	0.009761619382306108	0.0314558195341382	0.033090655757918294	0.020114783300541457	0.017746779577256715	0.027149497069936208	0.02955325805221866	0.02815449300010327	0.02659783500229627	0.015910336227733714
UP000000365	171.0	0.030586134861272533	183.14976868917373	0.012303366667147164	0.006889234626895702	0.011401815629180584	0.015303490825672238	0.019648853949998712	0.014071980332201337	0.01053140699941195	0.022683174830996328	0.012663543773223953	0.018813629060785382	0.011313142167983658	0.018876811891365197	0.02477500083945765	0.02234217091594722	0.012800766166463558	0.015412430253327367	0.02148221579841928	0.023602523895554752	0.02492241434776148	0.01720807370974446
UP000001013	506.0	0.029909921609151967	211.23385739895596	0.010390734728567953	0.008762599787712766	0.01552305838537589	0.015021900013828972	0.026027172267741074	0.014350895104325495	0.009276436763524298	0.026776422250551764	0.01159542183387288	0.01259051897204666	0.013480525312613924	0.021387173910259714	0.02549338887722147	0.022211440481949257	0.016099062252226563	0.01500440480850853	0.021780407674543152	0.023883309073687808	0.029994844120931796	0.015417541044722819
UP000000663	182.0	0.02765871019993569	175.97797687658837	0.010567501562241784	0.005811223223405848	0.013443624001685675	0.01749664916377048	0.02130018084318115	0.01365895384096165	0.010368298703207266	0.02626740519830541	0.012332300105693708	0.019790950634322665	0.011843282697026503	0.019673152305835096	0.026390288182518103	0.023197900424447998	0.013761405334783594	0.01626884526993919	0.021785759484798963	0.022944273629985263	0.02351459882792908	0.016265976973599966
UP000002487	517.0	0.03753862000289932	183.13658591719175	0.01280355183384835	0.006611008816954726	0.014464526954563194	0.015493498359573163	0.023173802529202633	0.015899442137474296	0.009617212703821132	0.02332410258685739	0.01469295758001749	0.014243852325147863	0.01293837553549334	0.019404652587952844	0.026897863116567108	0.0218862529989891	0.01337951357075235	0.015965340468091834	0.02015289301948825	0.023515361862224183	0.022880294964226854	0.0184080894934823
UP000000391	4.0	0.02669791860342364	152.2902929714607	0.01204675876822917	0.008634156065197414	0.010266476751771728	0.015042749802499377	0.03269089258182044	0.011755079891941309	0.00913907978109437	0.014925619619611656	0.004692242287352938	0.007546980103883496	0.01581062488542398	0.026156892366468492	0.020149983618693076	0.023720491170900037	0.003039224187638247	0.007130936525471338	0.018916802836184507	0.021085127776239835	0.01114416829922225	0.025495363091186617
UP000001169	341.0	0.03363283950048088	194.21382720583227	0.011798686221214256	0.007620206236365762	0.013626280616714125	0.025386554446500745	0.030068865256625957	0.012670613484374779	0.011690064825404635	0.020328300542463054	0.01274732895353116	0.017700467748265534	0.011836772595894782	0.017369484998138503	0.03182695730958813	0.0234772409428919	0.01495868396872347	0.018661437571717558	0.024247459910104754	0.025665374039561678	0.023934089016211094	0.016164982865775064
UP000000674	181.0	0.02294464630652734	205.81514499757898	0.012116835241452071	0.006816761702709173	0.01591507241484145	0.01651210461592476	0.02327020760025847	0.011990207956131416	0.009397317190443186	0.028239634967172265	0.012228068133063966	0.0179210500025052	0.012763556146210634	0.01728359374680385	0.024042298428385026	0.023213914975883713	0.014254723280461887	0.01428807219378961	0.024507090270860052	0.024857357715011134	0.02951794165078785	0.01881916815501047
UP000006663	1.0	0.0	0.0	0.0	0.0	0.0	0.0	0.0	0.0	0.0	0.0	0.0	0.0	0.0	0.0	0.0	0.0	0.0	0.0	0.0	0.0	0.0	0.0
UP000001879	10.0	0.0578834816586881	67.62552115223298	0.009489330392261613	0.002202508882547835	0.0035995316555076894	0.019263269628529735	0.016706188688342442	0.013454273108526012	0.016298076350638818	0.014770619578426914	0.015103563741881897	0.011949317491116232	0.009633848036741298	0.02169070475188725	0.025235838559521107	0.022767025054470365	0.013948690426291991	0.021499804685262938	0.01505945073230865	0.018989226675255398	0.025564249441213344	0.01634286919582082
UP000002199	1033.0	0.042359657946533846	169.16743614362045	0.014364755636503163	0.01064748114188885	0.014595122997569493	0.019106973186754483	0.03876593544239992	0.022127702102127052	0.011016771021662418	0.03129568373946342	0.016084327880495245	0.012451592005794305	0.016174637356331595	0.023906124770175657	0.029390256533926913	0.024574432062658545	0.017132857596808288	0.017863196173382716	0.027489460311777174	0.0335863946448698	0.03018377758397745	0.02297624790658812
UP000002518	376.0	0.04653437612679438	189.62963462033335	0.010361420830009006	0.007177288803034511	0.012603287059517524	0.014167848427583493	0.02608894352358173	0.012573232235893645	0.009579197383082813	0.030531081805108936	0.011587007013053468	0.01211456039105695	0.012971533069623745	0.020722893453029682	0.03110159233237167	0.024526619680906282	0.01660724358706011	0.014363063203358188	0.024709863110689723	0.02507996469073605	0.03313847495747526	0.01933911714673096
UP000001015	381.0	0.029170257978500338	188.9497931736854	0.010645578923227907	0.00697109913323149	0.016207734468412328	0.015148551846019945	0.023234717380377388	0.014527876107907097	0.008577420785187084	0.029715777871239215	0.016070964147932437	0.014240857035492025	0.016069486016022275	0.026987385254528675	0.023068732449329055	0.021548434929549824	0.016565191833398614	0.015183526133865057	0.021942897528273272	0.02465191913865768	0.0228893959319103	0.018231827119576247
UP000001304	4.0	0.02299379734301036	95.47949168975153	0.01269872766300065	0.0033248858892965956	0.010332538060964677	0.008223598226528826	0.013450160377479486	0.009427772717005128	0.006475583970430197	0.008883399681449992	0.013434173418643348	0.010816182301057058	0.014082616681743279	0.023748006322368922	0.017749756477685796	0.015962384155934133	0.009323882735899517	0.007876137016192152	0.011191904265706844	0.010705279615225011	0.022469710218338743	0.006670234821448038
UP000000536	436.0	0.026774167027343723	213.03935247221844	0.010711548121613377	0.008278459417660824	0.014448886830394064	0.015114137970812836	0.026992101050341992	0.014667101377663885	0.009801026385316705	0.026718180235701303	0.011197143393026826	0.012889804595381034	0.012748794760982122	0.018515016603763507	0.026009456551802063	0.02323683273190502	0.015259181986513642	0.01533277602753286	0.02320523877695322	0.025018312486615926	0.02899993267381386	0.015172444421178264
UP000006681	2.0	0.016924857043162624	160.51323932934628	0.00015771208711846512	0.00421184044422322	0.004759194158340259	0.006781619746095048	0.014045652935140809	0.006160048579216294	0.004369552531341686	0.01801628665788867	0.023406329164702932	0.00015771208711846512	0.004443769984103328	0.0014750718736376736	0.024334047324223427	0.0077278922688060496	0.023554764070226216	0.013414804586666875	0.03136615097338908	0.018869787364647603	0.021615833116828385	0.013656011308142165
UP000001901	11.0	0.023131950805945014	181.97432386316083	0.011018100400830691	0.009507481481249299	0.016836723624036536	0.015096938744704866	0.026988412545940397	0.02056422738172364	0.007964922895660044	0.015821390965407127	0.011433079499972036	0.004502551811393196	0.009988143831228945	0.01693998809808189	0.019963005648220344	0.020599853814619633	0.01186129933486236	0.011767956394744794	0.01662598123774782	0.016737188379450867	0.017207458834180515	0.017641437047474024
UP000000740	138.0	0.034801221657997705	169.84174951197258	0.012777939971941472	0.007519645566215779	0.017720676728489766	0.024201158727097074	0.029028680594150473	0.012324541416316115	0.011795683798177565	0.024690957330233992	0.013759002956480039	0.02143654561807611	0.01290022234950502	0.01634273685451006	0.036979630605999285	0.025992002373832458	0.016366727768411932	0.01701108107187999	0.023044573967208604	0.022960543495860443	0.028731328867849012	0.020061548205495154
UP000002593	127.0	0.03372063170760501	167.46252017404407	0.010262727551333133	0.00874343875730301	0.01576764516706634	0.013989467704435937	0.026511930653550893	0.012548534489429922	0.010991099552765502	0.029451840259354704	0.011894359759967678	0.012098421181265489	0.013976956321871247	0.02089862063984078	0.0287209676266242	0.02152313007584488	0.018755061291797593	0.012842262678859467	0.025934845414882057	0.02640062821678891	0.032140351079710625	0.016056823309090407
UP000008243	195.0	0.06414313877453524	171.14836482088214	0.010491559356218207	0.0075821611350130585	0.013391155752909813	0.02742134446168924	0.02728044942802001	0.01437035916891457	0.012487324931918854	0.015505972893439144	0.012577038409106693	0.012845000918274781	0.012990794943011396	0.02118430720887522	0.033815367516418976	0.021936893341555692	0.013495129217064429	0.018843927966530533	0.02462064792650811	0.023218719510985357	0.022701651921419038	0.018548454557075697
UP000001018	366.0	0.028007611163988515	203.24822784323675	0.011005586579369796	0.007594551267375797	0.014693976141408454	0.0167123335625505	0.025531755398427256	0.014957247534596558	0.00849843790762014	0.030208786158271446	0.015869533302067286	0.014679500797866146	0.015346191786273642	0.025529974490075838	0.024051187790387715	0.022220851695858967	0.015215104933606085	0.01595901325708983	0.022924254020091253	0.02650600542523478	0.023742602315481347	0.019030534520543194
UP000002315	18.0	0.0284758179030138	150.51792936000524	0.006912340275470458	0.005627464474065106	0.0069264791646330625	0.01621695191939336	0.021462777089358485	0.014747290456564602	0.007472772247362875	0.03538877583124677	0.02309877759392001	0.00912593659436587	0.01043398457311809	0.02332556186326271	0.030456273080838477	0.01804206404812832	0.008530258839365774	0.011943181830210372	0.026034914006605542	0.020353844355954595	0.018539892288603803	0.015637534525675578
UP000001400	4.0	0.033195419498030725	32.25419869309007	0.0051341047121508335	0.0	0.007994979628870235	0.024785156461923866	0.017649748906341745	0.00912882524433918	0.008852393077046978	0.016942128277246307	0.012167655658453727	0.006618790417519148	0.010326595893102274	0.030926768617625316	0.046834114814523604	0.021253855265749806	0.015230034769653206	0.015031599982655006	0.023230652771368744	0.02002001286855082	0.035088051992482105	0.012245831501642926
UP000002613	4.0	0.024401501369777243	25.31633201446581	0.005336706962679954	0.0	0.004240726913937849	0.01582008217492928	0.032400916724452215	0.01775678611079483	0.00958490691902171	0.01838252225330098	0.010353319147636186	0.006174572919313735	0.013377932980520087	0.02824049779296107	0.01875141781194175	0.022746146935155035	0.01164099790425191	0.02455688016522654	0.02577982573816174	0.020842502503071868	0.02301346380180804	0.03187933317250308
UP000002376	2.0	0.013843336305159208	137.17871555019022	0.00790023550363114	0.0025187275064986786	0.005498356180423611	0.007666539137048773	0.01672876490785327	0.002408370888945875	0.004693402028862183	0.005277642945318067	0.002973137108186592	0.0014865685540932933	0.010081401591733059	0.03755370779663609	0.00699141630025532	0.0298806770938489	0.001837113103966813	0.006303310331985037	0.01281435076759886	0.014326885584645748	0.018903439430216783	0.01913064423106074
UP000001931	222.0	0.026513565206150242	168.57147764704385	0.010611408233373063	0.005501785580879788	0.014628487365376162	0.01863983595129703	0.026498272821894406	0.013930963984946719	0.009991926721272727	0.027256785927749227	0.019413029683568905	0.017164665062532624	0.013582107063434075	0.025441286430127864	0.024315460481464952	0.023328660368020303	0.012149950573954772	0.0165067041102549	0.020621294269504153	0.0233685025875262	0.026852341354701062	0.016285623291011183
UP000012076	1.0	0.0	0.0	0.0	0.0	0.0	0.0	0.0	0.0	0.0	0.0	0.0	0.0	0.0	0.0	0.0	0.0	0.0	0.0	0.0	0.0	0.0	0.0
UP000001024	346.0	0.03074771080270462	200.46579370934123	0.012040567531652025	0.00610136336062359	0.014279556484423596	0.017821441872121292	0.020827097961683843	0.014819896505413972	0.0098312880932483	0.02886328490955082	0.01453051011797478	0.012866927379145283	0.015299260622128885	0.020365125257156037	0.021498758482580937	0.021136797532075285	0.01333071548771647	0.014859917488761457	0.01997965006886817	0.019604734779531126	0.024284003138817414	0.01942335301899674
UP000002654	16.0	0.030207902288730996	148.85154797090064	0.0076052234094126465	0.005499024520720805	0.008587518279394931	0.011244736552161166	0.022500130158292973	0.011126184343147329	0.007860083999505602	0.016652293552593903	0.010985048366556989	0.017352979609278774	0.016209368614707235	0.01877818167697659	0.03147121139797778	0.024751517955138625	0.017963368360398975	0.013411286785241703	0.02443856064858523	0.024579704833618887	0.023777597416335033	0.011107161123333775
UP000001488	181.0	0.02399419443813096	148.09224308394045	0.01064293653316783	0.008698104050448194	0.016319195197107058	0.015271535362606269	0.029379845047387554	0.016087548134051576	0.010760013463436614	0.028870125256703922	0.011691105598255237	0.014546606230625	0.01289757333112453	0.022168061944487255	0.02591755369752542	0.024316326417021708	0.01790079057906007	0.014779276820589585	0.024401272076011424	0.028751361811653546	0.031022627111429148	0.01455766553324017
UP000012672	1.0	0.0	0.0	0.0	0.0	0.0	0.0	0.0	0.0	0.0	0.0	0.0	0.0	0.0	0.0	0.0	0.0	0.0	0.0	0.0	0.0	0.0	0.0
UP000006794	3.0	0.032479268279921425	39.95414037785488	0.009949773611016212	0.001388228085003899	0.0005697315182578739	0.02329012741974557	0.016415713431774063	0.008424287419911388	0.010556439782285288	0.009978291698407606	0.006847837376047322	0.01042617299077934	0.008864170727364432	0.007865923484825937	0.029826079570703386	0.024528347700144868	0.022942445010542937	0.023894738041078677	0.029261447181130707	0.025401795159914333	0.015404210549816201	0.00675007246469406
UP000002408	175.0	0.029802283746201735	178.69692535968522	0.011274484897757809	0.006358222820905213	0.012986269726950182	0.015242362318156235	0.021073945222507683	0.013022313052496175	0.010872455819008562	0.028147385346980282	0.014428473265163463	0.01518954744153655	0.01191699383794978	0.018525438572290897	0.029514050117264393	0.0221502956782117	0.014565437043073995	0.01642465128435686	0.02164345698187388	0.023700778010477007	0.025346928754684042	0.01675260979747198
UP000001941	221.0	0.03007983569100708	185.62247473376024	0.01114181133561931	0.0062737853621252886	0.013174483173273731	0.01516240341597096	0.020363207961132713	0.015456365053691943	0.011119231894596184	0.02357109539388219	0.013274465783470205	0.016803009179425035	0.012538078267770645	0.020729612839483998	0.024104031693438884	0.023830680187650454	0.01402654459213219	0.015960615926465818	0.023941010232965073	0.022732571378163056	0.026880869452157875	0.017931340032160337
UP000058290	1.0	0.0	0.0	0.0	0.0	0.0	0.0	0.0	0.0	0.0	0.0	0.0	0.0	0.0	0.0	0.0	0.0	0.0	0.0	0.0	0.0	0.0	0.0
UP000014070	1.0	0.0	0.0	0.0	0.0	0.0	0.0	0.0	0.0	0.0	0.0	0.0	0.0	0.0	0.0	0.0	0.0	0.0	0.0	0.0	0.0	0.0	0.0
